"lon","lat","species.name"
-116.411383,33.266655,"Plantago   ovata"
-116.525641,33.770136,"Plantago   ovata"
-114.724838,36.001233,"Plantago   ovata"
-116.428632,33.38504,"Plantago   ovata"
-116.111667,32.981667,"Plantago   ovata"
-116.222665,32.9839,"Plantago   ovata"
-113.961105,32.282181,"Plantago   ovata"
-111.027411,32.26323,"Plantago   ovata"
-111.046639,32.382392,"Plantago   ovata"
-114.753956,33.295016,"Plantago   ovata"
-115.786098,34.550245,"Plantago   ovata"
-110.956764,30.414187,"Plantago   ovata"
-116.530687,35.919637,"Plantago   ovata"
-116.428611,33.385,"Plantago   ovata"
-116.42761,33.370687,"Plantago   ovata"
-111.428889,32.646944,"Plantago   ovata"
-116.409681,33.715063,"Plantago   ovata"
-112.180452,33.604147,"Plantago   ovata"
-118.540864,32.938253,"Plantago   ovata"
-111.714488,33.689316,"Plantago   ovata"
-113.26365,31.691947,"Plantago   ovata"
-116.3182,33.84981,"Plantago   ovata"
-116.40587,33.712672,"Plantago   ovata"
-116.043617,32.783396,"Plantago   ovata"
-111.802528,33.608822,"Plantago   ovata"
-114.062591,27.957373,"Plantago   ovata"
-115.97239,33.101993,"Plantago   ovata"
-115.82747,33.422772,"Plantago   ovata"
-114.369994,34.521564,"Plantago   ovata"
-116.312202,33.29976,"Plantago   ovata"
-116.337608,33.301088,"Plantago   ovata"
-116.147724,33.280477,"Plantago   ovata"
-112.303892,33.879199,"Plantago   ovata"
-115.890608,32.668495,"Plantago   ovata"
-112.026429,33.561451,"Plantago   ovata"
-112.523944,33.585907,"Plantago   ovata"
-115.24278,33.2709,"Plantago   ovata"
-116.24831,35.70199,"Plantago   ovata"
-116.295922,33.250758,"Plantago   ovata"
-116.390963,33.191151,"Plantago   ovata"
-119.90071,35.05486,"Plantago   ovata"
-116.366005,33.328705,"Plantago   ovata"
-116.129532,33.284351,"Plantago   ovata"
-114.049444,34.286111,"Plantago   ovata"
-116.3856,33.94228,"Plantago   ovata"
35.6492,32.776627,"Plantago   ovata"
-112.02565,33.560467,"Plantago   ovata"
-116.555564,33.788778,"Plantago   ovata"
-115.918587,33.674055,"Plantago   ovata"
-116.341,35.926,"Plantago   ovata"
-116.305239,33.834098,"Plantago   ovata"
-112.91532,33.204637,"Plantago   ovata"
-116.29673,33.27533,"Plantago   ovata"
-114.368889,34.522221,"Plantago   ovata"
-114.053055,34.270832,"Plantago   ovata"
-117.824195,33.593157,"Plantago   ovata"
-116.251571,33.191319,"Plantago   ovata"
-120.69468,36.634633,"Plantago   ovata"
-116.373936,33.256206,"Plantago   ovata"
-116.331361,33.301383,"Plantago   ovata"
-112.508301,33.589302,"Plantago   ovata"
-115.570652,34.067458,"Plantago   ovata"
-116.815782,34.908005,"Plantago   ovata"
-116.350305,33.144554,"Plantago   ovata"
-116.312664,33.300533,"Plantago   ovata"
-115.815676,35.233259,"Plantago   ovata"
-116.317019,33.646845,"Plantago   ovata"
-116.278913,33.630468,"Plantago   ovata"
-119.499169,33.246452,"Plantago   ovata"
-115.776212,34.560447,"Plantago   ovata"
-116.320837,33.18065,"Plantago   ovata"
-116.94363,34.538993,"Plantago   ovata"
-114.739494,36.188373,"Plantago   ovata"
-13.875561,28.733797,"Plantago   ovata"
-113.121391,34.163055,"Plantago   ovata"
-111.9767,33.660275,"Plantago   ovata"
-115.432599,36.066741,"Plantago   ovata"
13.686489,61.076887,"Plantago   ovata"
13.686624,61.076826,"Plantago   ovata"
-116.563703,33.779583,"Plantago   ovata"
-116.235199,33.26113,"Plantago   ovata"
-116.111667,33.286111,"Plantago   ovata"
-115.3647,33.22983,"Plantago   ovata"
-116.134885,35.395729,"Plantago   ovata"
-116.417733,36.1549999991009,"Plantago   ovata"
-13.923798,28.614965,"Plantago   ovata"
-116.38808,33.30132,"Plantago   ovata"
-115.971313,33.612183,"Plantago   ovata"
-116.251702,36.318948,"Plantago   ovata"
-13.921738,28.548338,"Plantago   ovata"
-115.369316,34.082301,"Plantago   ovata"
-115.06535,34.42548,"Plantago   ovata"
-114.6282,34.66757,"Plantago   ovata"
-115.36087,34.11764,"Plantago   ovata"
-115.06536,34.42547,"Plantago   ovata"
-13.866549,28.726044,"Plantago   ovata"
-115.38371,34.65618,"Plantago   ovata"
-115.31441,33.82029,"Plantago   ovata"
-115.99508,33.6167899991297,"Plantago   ovata"
-13.89931,28.716576,"Plantago   ovata"
-115.79322,34.54667,"Plantago   ovata"
-115.14918,34.61763,"Plantago   ovata"
-116.17008,34.75983,"Plantago   ovata"
-116.17009,34.75984,"Plantago   ovata"
-116.41773,36.155,"Plantago   ovata"
-114.71074,35.709166,"Plantago   ovata"
-115.38372,34.65617,"Plantago   ovata"
-114.62819,34.66758,"Plantago   ovata"
-116.772027,35.953871,"Plantago   ovata"
-116.66504,34.747589999116,"Plantago   ovata"
-14.031901,28.51186,"Plantago   ovata"
-115.864906,34.129426,"Plantago   ovata"
-115.72723,34.06056,"Plantago   ovata"
-115.79323,34.54668,"Plantago   ovata"
-116.204265,33.178969,"Plantago   ovata"
-13.958473,28.673269,"Plantago   ovata"
-116.93625,36.7504999990952,"Plantago   ovata"
-114.699357,35.486151,"Plantago   ovata"
-116.28444,35.97278,"Plantago   ovata"
-116.95551,35.0192599991129,"Plantago   ovata"
-116.405123,33.669711,"Plantago   ovata"
-116.320486,33.928239,"Plantago   ovata"
-116.978094,36.724369,"Plantago   ovata"
-116.96443,36.695782,"Plantago   ovata"
-115.41019,35.6182599991064,"Plantago   ovata"
-114.81031,36.028328,"Plantago   ovata"
-116.97607,36.725952,"Plantago   ovata"
-117.193308,36.432746,"Plantago   ovata"
-114.747837,36.158886,"Plantago   ovata"
-116.782646,36.405111,"Plantago   ovata"
-116.405289,33.669661,"Plantago   ovata"
-116.15645,33.28498,"Plantago   ovata"
-117.45205,34.8625099991147,"Plantago   ovata"
-117.067738,36.666216,"Plantago   ovata"
-115.27722,33.1975,"Plantago   ovata"
-114.5758,35.193436,"Plantago   ovata"
-116.571035,36.329388,"Plantago   ovata"
-117.175144,36.822847,"Plantago   ovata"
-115.61508,34.7005,"Plantago   ovata"
-116.954691,36.663907,"Plantago   ovata"
-116.977486,36.72449,"Plantago   ovata"
-116.290986,36.425208,"Plantago   ovata"
-116.49673,36.3855699990987,"Plantago   ovata"
-116.783037,36.451527,"Plantago   ovata"
-115.40759,34.6844899991167,"Plantago   ovata"
-114.575831,35.193483,"Plantago   ovata"
-117.175803,36.827678,"Plantago   ovata"
-115.395462,35.04686,"Plantago   ovata"
-115.600125,33.730842,"Plantago   ovata"
-116.080501,35.297473,"Plantago   ovata"
-115.431105,36.158803,"Plantago   ovata"
-0.71,38.3,"Plantago   ovata"
-0.68,38.28,"Plantago   ovata"
-0.7,38.29,"Plantago   ovata"
-0.7,38.31,"Plantago   ovata"
56.290491,24.975435,"Plantago   ovata"
-116.91318,36.73657,"Plantago   ovata"
-116.35591,36.2412499991001,"Plantago   ovata"
56.277445,24.945866,"Plantago   ovata"
-0.69,38.29,"Plantago   ovata"
-116.41501,35.0726999991123,"Plantago   ovata"
-117.288147,35.821756,"Plantago   ovata"
17.835502,59.494711,"Plantago   ovata"
17.835505,59.494713,"Plantago   ovata"
17.836346,59.495518,"Plantago   ovata"
17.835511,59.494729,"Plantago   ovata"
17.832645,59.496138,"Plantago   ovata"
-116.63257,34.0210499991246,"Plantago   ovata"
-117.2396,32.6665,"Plantago   ovata"
-116.222175,32.862606,"Plantago   ovata"
-114.475039,34.447639,"Plantago   ovata"
-14.053745,28.542458,"Plantago   ovata"
-117.23964,32.66647,"Plantago   ovata"
-116.059697,32.698492,"Plantago   ovata"
-114.879967,35.470121,"Plantago   ovata"
-114.95735,35.035067,"Plantago   ovata"
-116.72167,33.91667,"Plantago   ovata"
-115.29733,33.28665,"Plantago   ovata"
-116.21606,36.1039,"Plantago   ovata"
-115.54708,33.51732,"Plantago   ovata"
-120.616944,35.029167,"Plantago   ovata"
-116.545861,35.919851,"Plantago   ovata"
-14.095802,28.389587,"Plantago   ovata"
-116.00265,32.7014499991418,"Plantago   ovata"
-117.240472,32.666967,"Plantago   ovata"
-116.645696,35.90567,"Plantago   ovata"
-116.129741,33.283918,"Plantago   ovata"
-117.02639,34.93897,"Plantago   ovata"
-117.02638,34.9389599991138,"Plantago   ovata"
-13.903069,28.553823,"Plantago   ovata"
-115.27123,33.25985,"Plantago   ovata"
-115.20028,32.94472,"Plantago   ovata"
-120.61688,35.0291,"Plantago   ovata"
-115.435208,36.066115,"Plantago   ovata"
-116.911926,34.920278,"Plantago   ovata"
18.139411,59.219016,"Plantago   ovata"
18.140022,59.218717,"Plantago   ovata"
-116.196653,33.269608,"Plantago   ovata"
-114.75263,34.88135,"Plantago   ovata"
-114.752633,34.8813499991145,"Plantago   ovata"
-114.758083,34.8901999991144,"Plantago   ovata"
-13.936973,28.542118,"Plantago   ovata"
-114.75808,34.8902,"Plantago   ovata"
-114.61521,34.65541,"Plantago   ovata"
35.394444,31.583333,"Plantago   ovata"
-116.8417,34.8014999991154,"Plantago   ovata"
-115.271,33.8228,"Plantago   ovata"
35.45,31.718056,"Plantago   ovata"
35.223611,30.652778,"Plantago   ovata"
-114.68015,34.96468,"Plantago   ovata"
-115.679083,35.0377999991127,"Plantago   ovata"
-116.32687,35.7588,"Plantago   ovata"
-116.78528,34.79634,"Plantago   ovata"
35.413889,31.630556,"Plantago   ovata"
-115.67908,35.0378,"Plantago   ovata"
-112.069709,33.58582,"Plantago   ovata"
-115.145817,32.712258,"Plantago   ovata"
-116.06889,35.28583,"Plantago   ovata"
-116.80431,34.8209799991152,"Plantago   ovata"
-116.39672,35.06092,"Plantago   ovata"
-116.29428,35.86668,"Plantago   ovata"
-116.70208,34.82832,"Plantago   ovata"
-115.539267,34.5899829991178,"Plantago   ovata"
-116.10306,35.89097,"Plantago   ovata"
-116.51283,34.54263,"Plantago   ovata"
-116.70208,34.8283199991151,"Plantago   ovata"
-115.827664,30.327186,"Plantago   ovata"
-115.72268,34.38985,"Plantago   ovata"
-113.265889,32.848734,"Plantago   ovata"
-116.272367,36.0110329991024,"Plantago   ovata"
-116.21815,35.9955999991025,"Plantago   ovata"
9.966351,48.418922,"Plantago   ovata"
17.835834,59.495495,"Plantago   ovata"
-122.893306,49.195139,"Plantago   ovata"
-122.886611,49.202028,"Plantago   ovata"
-17.345953,28.098104,"Plantago   ovata"
-13.882599,28.557838,"Plantago   ovata"
-13.54141,29.11941,"Plantago   ovata"
47.814167,29.530556,"Plantago   ovata"
47.603056,29.64,"Plantago   ovata"
48.303056,29.432778,"Plantago   ovata"
-114.63052,34.85133,"Plantago   ovata"
-119.815551,35.485393,"Plantago   ovata"
-114.630517,34.851333,"Plantago   ovata"
-114.496283,33.9944,"Plantago   ovata"
-115.08111,33.60611,"Plantago   ovata"
-116.185176,35.144516,"Plantago   ovata"
-114.63155,34.8619829991147,"Plantago   ovata"
35.01,30.03,"Plantago   ovata"
-114.64507,34.55829,"Plantago   ovata"
-116.403978,33.668566,"Plantago   ovata"
-114.24405,34.18572,"Plantago   ovata"
-114.63155,34.86198,"Plantago   ovata"
-115.22361,33.41667,"Plantago   ovata"
35.36,31.25,"Plantago   ovata"
-114.81298,33.58781,"Plantago   ovata"
-114.24405,34.185717,"Plantago   ovata"
-114.729817,32.813317,"Plantago   ovata"
-115.800651,33.68148,"Plantago   ovata"
-115.04942,33.5866899991301,"Plantago   ovata"
-112.805833,31.941667,"Plantago   ovata"
-114.508183,34.2031669991224,"Plantago   ovata"
-114.70845,34.5098169991188,"Plantago   ovata"
-114.192389,34.3064719991212,"Plantago   ovata"
34.87,29.9,"Plantago   ovata"
-115.99045,32.687659999142,"Plantago   ovata"
-116.001267,32.720167,"Plantago   ovata"
-119.510437,34.86365,"Plantago   ovata"
-115.42492,34.4444,"Plantago   ovata"
-120.84178,35.32156,"Plantago   ovata"
-1.651,37.359,"Plantago   ovata"
-117.282392,35.834994,"Plantago   ovata"
-115.044611,33.5981389991299,"Plantago   ovata"
35.14,30.09,"Plantago   ovata"
-115.5075,35.66889,"Plantago   ovata"
17.83499,59.49586,"Plantago   ovata"
17.831433,59.497128,"Plantago   ovata"
17.835008,59.495888,"Plantago   ovata"
17,59,"Plantago   ovata"
17.83504,59.49586,"Plantago   ovata"
-115.95274,32.6407299991426,"Plantago   ovata"
-13.870883,28.72595,"Plantago   ovata"
-114.8426,34.938933,"Plantago   ovata"
-115.282061,33.844797,"Plantago   ovata"
-115.98522,33.60697,"Plantago   ovata"
-114.676467,34.951467,"Plantago   ovata"
-115.279564,33.827575,"Plantago   ovata"
-114.676467,34.9514669991137,"Plantago   ovata"
-114.617383,34.6959,"Plantago   ovata"
-115.98521,33.60696,"Plantago   ovata"
-115.083139,33.910638999126,"Plantago   ovata"
-115.308722,33.789556,"Plantago   ovata"
-116.219543,32.8638,"Plantago   ovata"
-115.307667,33.790467,"Plantago   ovata"
-115.30861,33.78944,"Plantago   ovata"
-114.84661,34.02,"Plantago   ovata"
-115.92381,33.58767,"Plantago   ovata"
-115.923806,33.5876669991301,"Plantago   ovata"
-115.892917,33.6304169991295,"Plantago   ovata"
-115.89275,33.630389,"Plantago   ovata"
-115.24737,33.91383,"Plantago   ovata"
-115.693617,34.708033,"Plantago   ovata"
-115.30767,33.79047,"Plantago   ovata"
-115.89292,33.63042,"Plantago   ovata"
-115.89322,33.51664,"Plantago   ovata"
-115.893222,33.516638999131,"Plantago   ovata"
-115.747833,33.834832999127,"Plantago   ovata"
-115.45177,34.11923,"Plantago   ovata"
-13.873758,28.726759,"Plantago   ovata"
-13.856893,28.723787,"Plantago   ovata"
-115.392549,33.917167,"Plantago   ovata"
-115.91232,33.62107,"Plantago   ovata"
-116.40403,33.23841,"Plantago   ovata"
-117.0144,32.54685,"Plantago   ovata"
-115.94492,33.58452,"Plantago   ovata"
-116.45501,33.87916,"Plantago   ovata"
-115.66387,34.60663,"Plantago   ovata"
-116.715183,34.83035,"Plantago   ovata"
-115.6417,34.559633,"Plantago   ovata"
-116.30835,35.14187,"Plantago   ovata"
-115.4364,34.67382,"Plantago   ovata"
-115.40723,34.70822,"Plantago   ovata"
-114.649733,34.870817,"Plantago   ovata"
-114.7065,35.035333,"Plantago   ovata"
-114.559417,34.600583,"Plantago   ovata"
-115.55515,34.60268,"Plantago   ovata"
-116.64608,33.96155,"Plantago   ovata"
-115.8561,34.60258,"Plantago   ovata"
-114.95183,34.83022,"Plantago   ovata"
-116.91065,34.97842,"Plantago   ovata"
-115.968217,33.696013,"Plantago   ovata"
-115.67075,34.603683,"Plantago   ovata"
-114.73995,34.88787,"Plantago   ovata"
-115.95664,33.708479,"Plantago   ovata"
-118.9909,34.9493,"Plantago   ovata"
-116.12643,32.80608,"Plantago   ovata"
-115.6084,34.93397,"Plantago   ovata"
-116.23302,33.25679,"Plantago   ovata"
-119.0998,34.9988,"Plantago   ovata"
-117.51,35.625278,"Plantago   ovata"
-116.1683,32.7959,"Plantago   ovata"
-118.9911,34.95,"Plantago   ovata"
-116.15502,32.75357,"Plantago   ovata"
-115.82625,35.77625,"Plantago   ovata"
-115.705,34.245278,"Plantago   ovata"
-115.54044,34.09128,"Plantago   ovata"
-115.636444,35.713222,"Plantago   ovata"
-114.422139,34.2118059991223,"Plantago   ovata"
-115.54044,34.0912799991238,"Plantago   ovata"
-114.422,34.2118,"Plantago   ovata"
-114.94189,34.02127,"Plantago   ovata"
-114.62425,34.673417,"Plantago   ovata"
-115.64722,33.36056,"Plantago   ovata"
-114.519,33.7513,"Plantago   ovata"
-114.51865,33.7513,"Plantago   ovata"
-114.50069,34.04187,"Plantago   ovata"
-115.307764,33.811706,"Plantago   ovata"
-116.33226,33.30126,"Plantago   ovata"
-116.3793,33.25462,"Plantago   ovata"
-114.8,33.59167,"Plantago   ovata"
-114.97767,34.15331,"Plantago   ovata"
-116.18611,33.81194,"Plantago   ovata"
-114.84987,34.4355,"Plantago   ovata"
-114.772025,33.391445,"Plantago   ovata"
-114.64905,34.24565,"Plantago   ovata"
-115.48944,34.57667,"Plantago   ovata"
-114.85,34.4355,"Plantago   ovata"
-116.16106,32.99463,"Plantago   ovata"
-111.728583,24.378889,"Plantago   ovata"
-114.849867,34.4355,"Plantago   ovata"
-114.97767,34.153309999123,"Plantago   ovata"
-114.79306,33.65611,"Plantago   ovata"
-115.527452,34.06286,"Plantago   ovata"
-115.87331,32.78489,"Plantago   ovata"
-116.31611,35.98667,"Plantago   ovata"
-115.543702,34.052277,"Plantago   ovata"
-115.873,32.7849,"Plantago   ovata"
-116.316,35.9868,"Plantago   ovata"
-116.316139,35.986792,"Plantago   ovata"
-115.62057,34.90355,"Plantago   ovata"
-117.02194,35.02139,"Plantago   ovata"
-115.873,32.78489,"Plantago   ovata"
-116.65146,33.97288,"Plantago   ovata"
-114.97363,35.25567,"Plantago   ovata"
-115.97861,35.31889,"Plantago   ovata"
-115.6804,35.72447,"Plantago   ovata"
-115.62333,34.06528,"Plantago   ovata"
35.13,30.25,"Plantago   ovata"
-114.79472,33.73778,"Plantago   ovata"
-116.31614,35.98679,"Plantago   ovata"
-115.77207,34.87182,"Plantago   ovata"
-117.021944,35.021389,"Plantago   ovata"
-115.35305,34.10275,"Plantago   ovata"
-116.252359,33.892074,"Plantago   ovata"
-118.34278,33.82611,"Plantago   ovata"
-114.51773,34.00263,"Plantago   ovata"
-115.154444,33.0480559991371,"Plantago   ovata"
-115.72243,34.23915,"Plantago   ovata"
-115.15433,33.0481799991371,"Plantago   ovata"
-115.787042,30.047778,"Plantago   ovata"
-109.625278,29.665278,"Plantago   ovata"
-116.20423,33.15363,"Plantago   ovata"
-115.66163,35.51847,"Plantago   ovata"
-115.46644,35.56975,"Plantago   ovata"
-117.25778,32.91354,"Plantago   ovata"
3.80314,43.57462,"Plantago   ovata"
3.82541,43.71519,"Plantago   ovata"
35.27,30.77,"Plantago   ovata"
35.18,30.58,"Plantago   ovata"
-117.22826,36.10191,"Plantago   ovata"
-117.2282,36.1019,"Plantago   ovata"
-115.925,34.59167,"Plantago   ovata"
-114.81,34.05,"Plantago   ovata"
-116.05361,33.33,"Plantago   ovata"
-116.06333,33.28889,"Plantago   ovata"
-114.93666,34.03775,"Plantago   ovata"
-116.03083,33.29694,"Plantago   ovata"
-116.00583,33.27083,"Plantago   ovata"
-116.06833,33.28833,"Plantago   ovata"
-116.3462,32.97449,"Plantago   ovata"
-119.6833,35.3938,"Plantago   ovata"
-116.06333,33.27972,"Plantago   ovata"
-116.29001,33.29473,"Plantago   ovata"
-116.21276,32.79101,"Plantago   ovata"
8.32,34.33,"Plantago   ovata"
-116.03778,33.32833,"Plantago   ovata"
-119.683333,35.393889,"Plantago   ovata"
10.16,33.44,"Plantago   ovata"
-115.63408,34.55338,"Plantago   ovata"
-116.0225,33.28889,"Plantago   ovata"
-1.091,37.612,"Plantago   ovata"
-116.04278,33.28417,"Plantago   ovata"
-114.91657,34.03967,"Plantago   ovata"
-116.21957,34.85635,"Plantago   ovata"
-115.58095,34.5534,"Plantago   ovata"
-114.93228,34.04701,"Plantago   ovata"
-116.06972,33.32889,"Plantago   ovata"
-116.30893,32.96975,"Plantago   ovata"
-116.28333,34.83333,"Plantago   ovata"
-116.19639,34.84306,"Plantago   ovata"
-114.83194,34.41972,"Plantago   ovata"
-116.317681,34.838784,"Plantago   ovata"
-115.03475,34.07324,"Plantago   ovata"
-116.37672,33.26329,"Plantago   ovata"
-110.086389,31.081944,"Plantago   ovata"
-116.33268,34.81029,"Plantago   ovata"
-114.9388,34.01047,"Plantago   ovata"
-114.92612,34.01704,"Plantago   ovata"
-112.100833,24.813056,"Plantago   ovata"
-112.087472,25.809583,"Plantago   ovata"
-115.753833,34.529111,"Plantago   ovata"
-115.713444,34.262028,"Plantago   ovata"
-115.829583,35.09075,"Plantago   ovata"
-115.85975,35.07925,"Plantago   ovata"
-115.75383,34.52911,"Plantago   ovata"
-115.79069,34.56178,"Plantago   ovata"
-116.105861,35.27,"Plantago   ovata"
-14.21,28.2,"Plantago   ovata"
-15.76,27.98,"Plantago   ovata"
-116.16369,33.27559,"Plantago   ovata"
-116.15618,32.83317,"Plantago   ovata"
-116.64306,34.96389,"Plantago   ovata"
-116.1846,32.9067,"Plantago   ovata"
-116.2101,33.2402,"Plantago   ovata"
-115.099,32.7091,"Plantago   ovata"
-116.42139,33.27073,"Plantago   ovata"
-116.15619,32.83319,"Plantago   ovata"
-116.242778,34.759167,"Plantago   ovata"
-115.09889,32.70917,"Plantago   ovata"
-116.09789,33.28254,"Plantago   ovata"
-116.242909,34.759163,"Plantago   ovata"
-116.60862,35.07616,"Plantago   ovata"
-116.4031,33.28067,"Plantago   ovata"
-116.62861,35.06771,"Plantago   ovata"
-116.2695,33.2232,"Plantago   ovata"
-115.82512,33.41364,"Plantago   ovata"
-116.69827,35.11349,"Plantago   ovata"
-116.62861,35.06772,"Plantago   ovata"
-112.633,33.1421,"Plantago   ovata"
-116.097717,35.26595,"Plantago   ovata"
-13.85,28.716667,"Plantago   ovata"
-114.86653,33.17086,"Plantago   ovata"
-116.4896,35.0222999991129,"Plantago   ovata"
-116.6259,35.05519,"Plantago   ovata"
-116.33831,33.30194,"Plantago   ovata"
-116.1803,32.8924,"Plantago   ovata"
-116.3788,33.1886,"Plantago   ovata"
-116.3867,33.3014,"Plantago   ovata"
-115.538345,34.066453,"Plantago   ovata"
-116.29,33.0901,"Plantago   ovata"
-116.09911,33.25118,"Plantago   ovata"
-116.06806,33.30556,"Plantago   ovata"
-116.01861,33.31444,"Plantago   ovata"
-116.11583,33.34972,"Plantago   ovata"
-115.7575,34.165,"Plantago   ovata"
-116.33034,35.98702,"Plantago   ovata"
-116.01452,33.30207,"Plantago   ovata"
-116.25852,33.34239,"Plantago   ovata"
35.45,31.91,"Plantago   ovata"
-115.720544,34.239282,"Plantago   ovata"
-118.056944,35.2244439991107,"Plantago   ovata"
-116.03639,33.31083,"Plantago   ovata"
-116.37024,36.23048,"Plantago   ovata"
-116.015,33.30211,"Plantago   ovata"
-116.06889,33.31333,"Plantago   ovata"
-116.06556,33.31389,"Plantago   ovata"
-116.3235,35.9385829991031,"Plantago   ovata"
-116.33033,35.98703,"Plantago   ovata"
-1.454,37.6,"Plantago   ovata"
-2.14427,37.370057,"Plantago   ovata"
-8.84,29.77,"Plantago   ovata"
-2.145182,37.369279,"Plantago   ovata"
-1.328,37.652,"Plantago   ovata"
-0.61,38.37,"Plantago   ovata"
-0.61,38.36,"Plantago   ovata"
-0.6,38.36,"Plantago   ovata"
-0.62,38.36,"Plantago   ovata"
-2.042269,37.316599,"Plantago   ovata"
-110.966488,32.390907,"Plantago   ovata"
-2.042336,37.316609,"Plantago   ovata"
-4.711865,36.587283,"Plantago   ovata"
-115.67625,34.711278,"Plantago   ovata"
-115.68467,34.70558,"Plantago   ovata"
-116.12358,32.98881,"Plantago   ovata"
-2.09266,36.994399,"Plantago   ovata"
-2.2,37.27,"Plantago   ovata"
-1.67409,37.359905,"Plantago   ovata"
-116.2042,33.1833,"Plantago   ovata"
-116.11182,33.01421,"Plantago   ovata"
-120.801111,38.598889,"Plantago   ovata"
-1.644673,37.372596,"Plantago   ovata"
-2.048039,36.828253,"Plantago   ovata"
-0.76,39.05,"Plantago   ovata"
-0.79,39.08,"Plantago   ovata"
-0.75,39.05,"Plantago   ovata"
-117.12056,33.56,"Plantago   ovata"
-2.097485,37.020649,"Plantago   ovata"
-116.2974,33.2942,"Plantago   ovata"
-115.77278,33.50972,"Plantago   ovata"
-115.7275,33.4575,"Plantago   ovata"
-115.69056,33.43833,"Plantago   ovata"
-116.2341,33.294,"Plantago   ovata"
-115.88889,33.17556,"Plantago   ovata"
-1.735988,37.368163,"Plantago   ovata"
-115.08057,33.91286,"Plantago   ovata"
-116.2264,32.9161,"Plantago   ovata"
-116.29694,33.70139,"Plantago   ovata"
-115.08057,33.912859999126,"Plantago   ovata"
-115.077222,33.913889,"Plantago   ovata"
-115.326389,33.625556,"Plantago   ovata"
-115.21245,33.909879999126,"Plantago   ovata"
-115.82278,32.74972,"Plantago   ovata"
-116.247500495657,35.7035964424054,"Plantago   ovata"
-116.1724,32.8763,"Plantago   ovata"
-116.462611,35.585,"Plantago   ovata"
-116.34095,35.7635999991049,"Plantago   ovata"
-114.62306,32.98639,"Plantago   ovata"
-116.1171,33.0675,"Plantago   ovata"
-2.461611,36.856175,"Plantago   ovata"
-115.28083,34.06306,"Plantago   ovata"
-115.08058,33.91286,"Plantago   ovata"
-2.442294,37.075947,"Plantago   ovata"
-116.344734,35.574444,"Plantago   ovata"
-116.2061,32.8456,"Plantago   ovata"
-114.943889,34.123056,"Plantago   ovata"
-2.456549,36.864409,"Plantago   ovata"
-116.838611,34.936667,"Plantago   ovata"
-115.39528,34.09722,"Plantago   ovata"
-2.463958,36.858926,"Plantago   ovata"
-116.44734,35.57445,"Plantago   ovata"
-2.462078,36.856754,"Plantago   ovata"
-115.86825,33.51183,"Plantago   ovata"
-115.50067,33.29539,"Plantago   ovata"
-116.83867,34.93676,"Plantago   ovata"
-2.462584,36.855026,"Plantago   ovata"
-116.34095,35.7636,"Plantago   ovata"
-116.24689,35.70367,"Plantago   ovata"
-2.461775,36.856744,"Plantago   ovata"
-116.4096,33.3624,"Plantago   ovata"
-1.953288,37.313781,"Plantago   ovata"
-115.11171,33.71244,"Plantago   ovata"
-116.81667,33.91667,"Plantago   ovata"
-115.88028,33.51361,"Plantago   ovata"
-115.67394,34.709659,"Plantago   ovata"
-115.53114,33.32119,"Plantago   ovata"
-115.50444,33.29889,"Plantago   ovata"
-2.452718,36.865212,"Plantago   ovata"
-115.834733,33.9003669991261,"Plantago   ovata"
-1.964353,37.363489,"Plantago   ovata"
-116.1453,32.7197,"Plantago   ovata"
-115.84611,33.52111,"Plantago   ovata"
-2.304827,36.899829,"Plantago   ovata"
-2.454094,36.861009,"Plantago   ovata"
-115.49028,33.28694,"Plantago   ovata"
-115.917778,33.613056,"Plantago   ovata"
-116.2475,32.9775,"Plantago   ovata"
-116.25094,33.14919,"Plantago   ovata"
-116.20711,32.8571,"Plantago   ovata"
-2.455155,36.863222,"Plantago   ovata"
-2.482384,36.85478,"Plantago   ovata"
-1.738188,37.376389,"Plantago   ovata"
-115.60942,33.37475,"Plantago   ovata"
-116.14528,32.71972,"Plantago   ovata"
-2.486995,36.854791,"Plantago   ovata"
-115.681944,34.6125,"Plantago   ovata"
-115.683993,34.610962,"Plantago   ovata"
-1.685361,37.343627,"Plantago   ovata"
-2.305253,36.899885,"Plantago   ovata"
-2.544524,37.064648,"Plantago   ovata"
-116.152,32.8039,"Plantago   ovata"
-1.684023,37.34591,"Plantago   ovata"
-116.14111,32.74694,"Plantago   ovata"
-116.6433,35.9548,"Plantago   ovata"
-1.77,37.36,"Plantago   ovata"
-114.618,33.0244,"Plantago   ovata"
-2.398047,37.098653,"Plantago   ovata"
-2.343146,37.113812,"Plantago   ovata"
-2.350744,37.074273,"Plantago   ovata"
-2.121824,36.954082,"Plantago   ovata"
-1.674788,37.36131,"Plantago   ovata"
-116.35,32.9833,"Plantago   ovata"
-115.65795,34.709023,"Plantago   ovata"
-116.3285,32.9732,"Plantago   ovata"
-2.121882,36.953974,"Plantago   ovata"
-2.39807,37.098608,"Plantago   ovata"
-116.0865,33.3056,"Plantago   ovata"
-1.838267,37.278916,"Plantago   ovata"
-2.308211,37.047954,"Plantago   ovata"
-1.844094,37.208432,"Plantago   ovata"
-2.350924,37.074265,"Plantago   ovata"
-2.815336,36.760834,"Plantago   ovata"
-2.342474,37.112086,"Plantago   ovata"
-2.799102,36.75639,"Plantago   ovata"
-1.676545,37.359626,"Plantago   ovata"
-114.618,33.024389,"Plantago   ovata"
-2.125255,36.956613,"Plantago   ovata"
-2.124559,36.950667,"Plantago   ovata"
-2.476301,36.861893,"Plantago   ovata"
-114.618,33.02439,"Plantago   ovata"
-116.0421,33.30555,"Plantago   ovata"
-2.342419,37.111933,"Plantago   ovata"
-115.11639,34.80234,"Plantago   ovata"
-116.07397,33.32038,"Plantago   ovata"
-2.498702,36.836551,"Plantago   ovata"
-116.0262,33.29739,"Plantago   ovata"
-1.673111,37.361625,"Plantago   ovata"
-2.308346,37.048009,"Plantago   ovata"
-2.340606,37.126336,"Plantago   ovata"
-2.124446,36.950694,"Plantago   ovata"
-2.340662,37.126336,"Plantago   ovata"
-2.125288,36.956622,"Plantago   ovata"
-116.375,33.3625,"Plantago   ovata"
-117.15444,35.85917,"Plantago   ovata"
-115.002354,36.20444,"Plantago   ovata"
-115.325982,36.309414,"Plantago   ovata"
-2.913611,36.837357,"Plantago   ovata"
-2.976538,36.806431,"Plantago   ovata"
-2.734629,36.985278,"Plantago   ovata"
-1.85585,37.090269,"Plantago   ovata"
-1.856373,37.087642,"Plantago   ovata"
-1.86526,37.077939,"Plantago   ovata"
-1.676523,37.359635,"Plantago   ovata"
-1.865204,37.077947,"Plantago   ovata"
-118.57528,34.37639,"Plantago   ovata"
-1.855647,37.090285,"Plantago   ovata"
-116.10284,33.17404,"Plantago   ovata"
35.457195,32.023563,"Plantago   ovata"
-116.2028,32.875,"Plantago   ovata"
-116.112167,34.119186,"Plantago   ovata"
-116.23944,33.33604,"Plantago   ovata"
-2.305983,36.899863,"Plantago   ovata"
-116.2352,33.33982,"Plantago   ovata"
-2.438368,37.008934,"Plantago   ovata"
-116.30417,33.77294,"Plantago   ovata"
-116.3678,33.3169,"Plantago   ovata"
-2.425476,37.020708,"Plantago   ovata"
-2.438743,37.008269,"Plantago   ovata"
-2.434825,37.009206,"Plantago   ovata"
-116.24378,34.74994,"Plantago   ovata"
35.398078,31.594392,"Plantago   ovata"
-2.304895,36.899766,"Plantago   ovata"
-116.12228,33.16488,"Plantago   ovata"
35.376394,31.834316,"Plantago   ovata"
-2.464473,36.995335,"Plantago   ovata"
-114.405833,34.418333,"Plantago   ovata"
-116.47639,34.78861,"Plantago   ovata"
-114.363056,34.394444,"Plantago   ovata"
-2.416949,36.899351,"Plantago   ovata"
-2.473499,36.991842,"Plantago   ovata"
-116.334444,34.828333,"Plantago   ovata"
-114.296111,34.173611,"Plantago   ovata"
35.308784,31.832585,"Plantago   ovata"
35.404373,31.581756,"Plantago   ovata"
-116.476389,34.788611,"Plantago   ovata"
-2.407366,37.030787,"Plantago   ovata"
-114.404167,34.290833,"Plantago   ovata"
-2.380965,37.025424,"Plantago   ovata"
-116.243778,34.749944,"Plantago   ovata"
-114.390833,34.181111,"Plantago   ovata"
35.403324,31.583561,"Plantago   ovata"
-2.305219,36.89993,"Plantago   ovata"
-2.304005,36.901284,"Plantago   ovata"
-2.303907,36.909604,"Plantago   ovata"
-114.322222,34.349444,"Plantago   ovata"
-120.57667,35.08,"Plantago   ovata"
-1.68,37.349998,"Plantago   ovata"
-115.8623,34.910721,"Plantago   ovata"
-120.06167,34.73833,"Plantago   ovata"
-2.438396,37.015722,"Plantago   ovata"
-2.430841,37.021933,"Plantago   ovata"
-114.416944,34.108056,"Plantago   ovata"
-0.95,38.05,"Plantago   ovata"
-0.94,38.05,"Plantago   ovata"
-2.466101,36.99079,"Plantago   ovata"
-2.461383,36.97613,"Plantago   ovata"
-115.6782,35.7254,"Plantago   ovata"
-2.461456,37.026232,"Plantago   ovata"
-2.467569,36.991365,"Plantago   ovata"
-3.041148,37.730026,"Plantago   ovata"
-2.430762,37.021933,"Plantago   ovata"
-1.9,37.200001,"Plantago   ovata"
-115.28528,33.40722,"Plantago   ovata"
-115.338889,33.329722,"Plantago   ovata"
-115.285278,33.407222,"Plantago   ovata"
-2.302232,37.081902,"Plantago   ovata"
-5.29,34.49,"Plantago   ovata"
-3.103896,37.762769,"Plantago   ovata"
-2.421508,37.019166,"Plantago   ovata"
-2.16918,36.983908,"Plantago   ovata"
-2.348107,37.064243,"Plantago   ovata"
-2.509904,36.831495,"Plantago   ovata"
-2.418696,37.019413,"Plantago   ovata"
-2.531546,36.963627,"Plantago   ovata"
-2.459967,37.009549,"Plantago   ovata"
-2.449929,37.01584,"Plantago   ovata"
-2.462294,37.004773,"Plantago   ovata"
-2.462374,37.006179,"Plantago   ovata"
-2.513325,36.963653,"Plantago   ovata"
-2.463518,37.011259,"Plantago   ovata"
-2.171166,36.866862,"Plantago   ovata"
-2.463563,37.011215,"Plantago   ovata"
-2.298983,36.970431,"Plantago   ovata"
-2.290844,36.933451,"Plantago   ovata"
-114.521667,34.297778,"Plantago   ovata"
-114.2324,34.32395,"Plantago   ovata"
35.519531,32.297567,"Plantago   ovata"
-119.2475,34.2011,"Plantago   ovata"
35.549054,32.243383,"Plantago   ovata"
-114.244167,34.186111,"Plantago   ovata"
35.422445,31.65117,"Plantago   ovata"
-114.18895,34.30365,"Plantago   ovata"
-114.521167,34.12585,"Plantago   ovata"
-114.496767,34.305433,"Plantago   ovata"
-114.228056,34.202111,"Plantago   ovata"
-120.483889,36.486944,"Plantago   ovata"
-114.273,34.377383,"Plantago   ovata"
-114.6481,34.3213,"Plantago   ovata"
35.462815,31.762022,"Plantago   ovata"
-114.233444,34.206167,"Plantago   ovata"
35.348935,31.838859,"Plantago   ovata"
-114.559867,34.1714,"Plantago   ovata"
-114.39285,34.183533,"Plantago   ovata"
-114.625967,34.332117,"Plantago   ovata"
-114.4717,34.263833,"Plantago   ovata"
-114.293528,34.332722,"Plantago   ovata"
-117.36333,34.05778,"Plantago   ovata"
-114.386111,34.178611,"Plantago   ovata"
-114.219033,34.216433,"Plantago   ovata"
-114.651389,34.4375,"Plantago   ovata"
35.380148,31.584497,"Plantago   ovata"
-114.267222,34.29,"Plantago   ovata"
-114.321333,34.37595,"Plantago   ovata"
-2.215099,36.772563,"Plantago   ovata"
-114.643056,34.247778,"Plantago   ovata"
-114.5384,34.2781,"Plantago   ovata"
-114.5204,34.199933,"Plantago   ovata"
35.365353,31.558362,"Plantago   ovata"
35.450089,31.739501,"Plantago   ovata"
35.439534,31.73862,"Plantago   ovata"
35.348921,31.829841,"Plantago   ovata"
35.375937,31.586307,"Plantago   ovata"
-1.92,37.52,"Plantago   ovata"
-1.86,37.18,"Plantago   ovata"
-4.19,31.73,"Plantago   ovata"
-1.91,37.439999,"Plantago   ovata"
-103.543333,29.32,"Plantago   ovata"
35.37488,31.584504,"Plantago   ovata"
-0.51,38.385,"Plantago   ovata"
-0.51,38.38,"Plantago   ovata"
-119.52639,37.21222,"Plantago   ovata"
-121.44861,35.89,"Plantago   ovata"
35.465145,32.213826,"Plantago   ovata"
35.41656,31.845077,"Plantago   ovata"
34.909189,29.526789,"Plantago   ovata"
35.373229,31.837025,"Plantago   ovata"
35.428846,31.682724,"Plantago   ovata"
34.944159,29.566557,"Plantago   ovata"
-115.71639,34.23278,"Plantago   ovata"
35.420543,31.740457,"Plantago   ovata"
-116.05278,34.247223,"Plantago   ovata"
-116.2,34.733333,"Plantago   ovata"
-114.65167,34.36167,"Plantago   ovata"
-115.75983,34.11967,"Plantago   ovata"
-114.841,32.89083,"Plantago   ovata"
-114.755,34.88167,"Plantago   ovata"
35.391729,31.580873,"Plantago   ovata"
-114.774722,34.917778,"Plantago   ovata"
-116.052778,34.247222,"Plantago   ovata"
-115.69417,34.36389,"Plantago   ovata"
35.405425,31.580852,"Plantago   ovata"
35.526382,31.829516,"Plantago   ovata"
-116.301111,34.145,"Plantago   ovata"
-114.75472,32.74389,"Plantago   ovata"
35.420524,31.73234,"Plantago   ovata"
-114.632778,34.329722,"Plantago   ovata"
-114.4875,34.263889,"Plantago   ovata"
-115.88667,33.17694,"Plantago   ovata"
-115.9,33.633333,"Plantago   ovata"
-116.15027,33.71033,"Plantago   ovata"
-114.192222,34.306944,"Plantago   ovata"
-116.409056,33.927667,"Plantago   ovata"
-116.30083,33.34306,"Plantago   ovata"
-120.443611,36.441111,"Plantago   ovata"
-116.40917,33.92778,"Plantago   ovata"
-2.623271,36.994748,"Plantago   ovata"
-115.53167,35.594,"Plantago   ovata"
-2.701325,37.005031,"Plantago   ovata"
-2.596846,36.993426,"Plantago   ovata"
34.79,30.86,"Plantago   ovata"
-2.614112,37.016993,"Plantago   ovata"
-99.625,21.591667,"Plantago   ovata"
35.351032,31.828936,"Plantago   ovata"
35.309839,31.831683,"Plantago   ovata"
35.346825,31.840665,"Plantago   ovata"
35.410365,32.381656,"Plantago   ovata"
35.438345,31.685412,"Plantago   ovata"
35.010978,32.294204,"Plantago   ovata"
35.406111,32.379859,"Plantago   ovata"
-118.3581,33.3256,"Plantago   ovata"
-116.09167,33.64167,"Plantago   ovata"
-115.10833,34.085,"Plantago   ovata"
35.450086,31.7386,"Plantago   ovata"
-114.49,34.72,"Plantago   ovata"
-116.95778,32.70861,"Plantago   ovata"
-118.53917,32.90944,"Plantago   ovata"
-118.5392,32.9094,"Plantago   ovata"
35.456144,32.026271,"Plantago   ovata"
-0.63,38.37,"Plantago   ovata"
35.462852,31.77555,"Plantago   ovata"
35.304558,31.832589,"Plantago   ovata"
-118.5418,33.4436,"Plantago   ovata"
-119.562778,34.815833,"Plantago   ovata"
-118.54304,33.44093,"Plantago   ovata"
35.46285,31.774648,"Plantago   ovata"
-118.68972,34.29694,"Plantago   ovata"
35.327288,32.242892,"Plantago   ovata"
35.426352,32.400565,"Plantago   ovata"
-115.88833,33.17667,"Plantago   ovata"
-115.035,32.75333,"Plantago   ovata"
-116.40333,33.80333,"Plantago   ovata"
-115.335,33.07333,"Plantago   ovata"
-115.42333,33.68667,"Plantago   ovata"
-115.996,33.57283,"Plantago   ovata"
-115.03577,32.70686,"Plantago   ovata"
-116.27333,35.10183,"Plantago   ovata"
-116.25233,35.69583,"Plantago   ovata"
-114.74281,32.74718,"Plantago   ovata"
-116.21778,32.91944,"Plantago   ovata"
-116.17167,35.51833,"Plantago   ovata"
-115.041667,33.603333,"Plantago   ovata"
-116.31667,33.71667,"Plantago   ovata"
-114.83667,32.75667,"Plantago   ovata"
-1.172,38.019,"Plantago   ovata"
-114.74944,33.81917,"Plantago   ovata"
-115.0425,33.60333,"Plantago   ovata"
-114.76683,32.83516,"Plantago   ovata"
-116.03983,35.195,"Plantago   ovata"
-116.56333,33.855,"Plantago   ovata"
-115.035,32.70833,"Plantago   ovata"
-115.6885,34.143,"Plantago   ovata"
-114.655083,30.292067,"Plantago   ovata"
-116.76131,33.94269,"Plantago   ovata"
-116.14817,34.166,"Plantago   ovata"
-116.07528,32.80417,"Plantago   ovata"
-116.27833,35.09833,"Plantago   ovata"
-1.62,37.36,"Plantago   ovata"
-116.28833,35.13417,"Plantago   ovata"
-115.38583,34.25,"Plantago   ovata"
35.464936,31.765626,"Plantago   ovata"
-0.62,38.37,"Plantago   ovata"
35.464941,31.767429,"Plantago   ovata"
35.462827,31.766532,"Plantago   ovata"
35.464969,31.777349,"Plantago   ovata"
-117.353,34.0315,"Plantago   ovata"
35.48182,31.763786,"Plantago   ovata"
-116.3506,34.7566,"Plantago   ovata"
35.467085,31.779149,"Plantago   ovata"
-117.23333,34.875,"Plantago   ovata"
-118.3427,33.3165,"Plantago   ovata"
-118.345396,33.316655,"Plantago   ovata"
-115.458333,34.516667,"Plantago   ovata"
-117.291667,34.633333,"Plantago   ovata"
-119.252,34.213,"Plantago   ovata"
53.299999,16.816668,"Plantago   ovata"
54.716667,17.133333,"Plantago   ovata"
54.733334,17.116667,"Plantago   ovata"
-0.47,38.34,"Plantago   ovata"
-114.617222,34.661667,"Plantago   ovata"
-115.39333,34.55167,"Plantago   ovata"
-116.93371,32.62856,"Plantago   ovata"
-115.393333,34.551667,"Plantago   ovata"
-1.01,38.08,"Plantago   ovata"
-110.641667,24.925,"Plantago   ovata"
-110.6875,25.021667,"Plantago   ovata"
35.386434,31.566451,"Plantago   ovata"
-2.49,36.91,"Plantago   ovata"
44.650002,14.483334,"Plantago   ovata"
-117.326389,34.802222,"Plantago   ovata"
-117.1875,36.02833,"Plantago   ovata"
-117.32627,34.80235,"Plantago   ovata"
-113.158333,27.491667,"Plantago   ovata"
-2.882,36.807,"Plantago   ovata"
-0.48,38.42,"Plantago   ovata"
-119.588889,37.011111,"Plantago   ovata"
-0.94,38.09,"Plantago   ovata"
-0.88,38.17,"Plantago   ovata"
-2.27,37.09,"Plantago   ovata"
-2.635,36.852,"Plantago   ovata"
-117.04167,33.46667,"Plantago   ovata"
-2.602,36.825,"Plantago   ovata"
-2.972,36.88,"Plantago   ovata"
-115.45083,30.99833,"Plantago   ovata"
-117.042606776379,33.4659913587207,"Plantago   ovata"
-0.8,38.25,"Plantago   ovata"
-0.79,38.27,"Plantago   ovata"
-119.423,34.009,"Plantago   ovata"
-116.205,33.72167,"Plantago   ovata"
-112.643611,29.837222,"Plantago   ovata"
-116.09849,35.358758,"Plantago   ovata"
-116.08817,35.271,"Plantago   ovata"
-116.09972,35.34806,"Plantago   ovata"
-115.333333,34.083333,"Plantago   ovata"
-115.383333,34.25,"Plantago   ovata"
-118.457305,33.36034,"Plantago   ovata"
-113.8211,36.9394,"Plantago   ovata"
-2.601,36.951,"Plantago   ovata"
34.82,31.36,"Plantago   ovata"
34.48,31.31,"Plantago   ovata"
34.75,31.5,"Plantago   ovata"
34.48,31.3,"Plantago   ovata"
34.57,31.34,"Plantago   ovata"
-119.4403,33.2347999991346,"Plantago   ovata"
-119.4403,33.2348,"Plantago   ovata"
-2.33,36.77,"Plantago   ovata"
-2.33,37.040001,"Plantago   ovata"
-115.85416,33.45361,"Plantago   ovata"
-2.55,36.779999,"Plantago   ovata"
34.84,31.35,"Plantago   ovata"
-115.85375,32.77547,"Plantago   ovata"
-115.98563,32.69117,"Plantago   ovata"
-115.15,34.616667,"Plantago   ovata"
-115.89099,32.63907,"Plantago   ovata"
-119.541,33.2424999991345,"Plantago   ovata"
-117.4,33.675,"Plantago   ovata"
-116.2275,35.976472,"Plantago   ovata"
-119.541,33.2425,"Plantago   ovata"
-119.455,33.22,"Plantago   ovata"
-116.36,35.5889999991067,"Plantago   ovata"
-119.4417,33.2342,"Plantago   ovata"
-115.96806,35.79222,"Plantago   ovata"
-115.336,33.1429999991358,"Plantago   ovata"
-120.466389,37.94,"Plantago   ovata"
54.216667,17.283333,"Plantago   ovata"
34.95,31.33,"Plantago   ovata"
34.58,31.54,"Plantago   ovata"
-110.999722,28.508333,"Plantago   ovata"
-111.6,30.616667,"Plantago   ovata"
-115.625,33.854167,"Plantago   ovata"
-115.24761,33.66235,"Plantago   ovata"
-115.97031,33.59232,"Plantago   ovata"
-115.62722,33.85694,"Plantago   ovata"
-113.480294,28.889514,"Plantago   ovata"
-116.37939,33.3391,"Plantago   ovata"
-113.16666,32.16666,"Plantago   ovata"
-119.486,33.25,"Plantago   ovata"
-115.21312,34.0458599991243,"Plantago   ovata"
-0.3,38.48,"Plantago   ovata"
-114.916667,33.733333,"Plantago   ovata"
-114.90778,33.73361,"Plantago   ovata"
-119.533,33.2371,"Plantago   ovata"
-2.667,37.384,"Plantago   ovata"
-119.531,33.2379999991346,"Plantago   ovata"
-119.531,33.238,"Plantago   ovata"
34.937997,31.465292,"Plantago   ovata"
-113.623611,31.964444,"Plantago   ovata"
-118.0185,35.2933999991099,"Plantago   ovata"
-116.29167,34.66667,"Plantago   ovata"
-115.94,34.29556,"Plantago   ovata"
-114.066667,28.616667,"Plantago   ovata"
-114.825,33.65194,"Plantago   ovata"
-117.00084,34.813146,"Plantago   ovata"
-114.874715,34.718152,"Plantago   ovata"
-0.28,38.49,"Plantago   ovata"
-116.32,34.43667,"Plantago   ovata"
35.177906,31.444823,"Plantago   ovata"
-115.93833,34.30167,"Plantago   ovata"
-0.65,38.42,"Plantago   ovata"
-116.433333,35.083333,"Plantago   ovata"
-118.3659,32.8311,"Plantago   ovata"
-116.109586,36.487811,"Plantago   ovata"
-119.438,33.228,"Plantago   ovata"
-118.418767,33.321532,"Plantago   ovata"
-116.22083,34.30117,"Plantago   ovata"
-111.091667,24.508333,"Plantago   ovata"
-9.597778,30.420833,"Plantago   ovata"
35.087087,30.007898,"Plantago   ovata"
34.941181,31.455378,"Plantago   ovata"
-118.4224,32.8313,"Plantago   ovata"
-118.41667,32.83333,"Plantago   ovata"
-118.375153,33.368958,"Plantago   ovata"
-119.49,33.262,"Plantago   ovata"
35.029403,30.391211,"Plantago   ovata"
34.968091,30.358641,"Plantago   ovata"
35.261669,30.7873,"Plantago   ovata"
35.251212,30.766558,"Plantago   ovata"
35.256424,30.747614,"Plantago   ovata"
35.240753,30.72958,"Plantago   ovata"
35.290909,30.77195,"Plantago   ovata"
35.23762,30.729581,"Plantago   ovata"
35.708742,32.719863,"Plantago   ovata"
35.002813,30.670798,"Plantago   ovata"
35.383312,31.586296,"Plantago   ovata"
34.896643,30.586704,"Plantago   ovata"
34.683144,30.54363,"Plantago   ovata"
35.054082,29.899612,"Plantago   ovata"
35.453034,32.050626,"Plantago   ovata"
35.644827,32.737236,"Plantago   ovata"
34.789265,31.310673,"Plantago   ovata"
34.636355,30.525394,"Plantago   ovata"
34.608301,30.512641,"Plantago   ovata"
35.090202,30.002488,"Plantago   ovata"
35.469757,32.340966,"Plantago   ovata"
-119.444,33.225,"Plantago   ovata"
35.447064,31.793618,"Plantago   ovata"
-119.4585,33.252,"Plantago   ovata"
35.385389,31.570962,"Plantago   ovata"
34.980274,30.032116,"Plantago   ovata"
34.98,30.03,"Plantago   ovata"
35,30.67,"Plantago   ovata"
35.25,30.76,"Plantago   ovata"
35.45,32.05,"Plantago   ovata"
35.26,30.78,"Plantago   ovata"
35.47,32.34,"Plantago   ovata"
35.44,31.79,"Plantago   ovata"
34.68,30.54,"Plantago   ovata"
35.25,30.74,"Plantago   ovata"
34.63,30.52,"Plantago   ovata"
34.6,30.51,"Plantago   ovata"
35.29,30.77,"Plantago   ovata"
35.23,30.73,"Plantago   ovata"
35.24,30.73,"Plantago   ovata"
35.38,31.57,"Plantago   ovata"
35.7,32.72,"Plantago   ovata"
35.05,29.9,"Plantago   ovata"
34.89,30.58,"Plantago   ovata"
35.38,31.58,"Plantago   ovata"
35.64,32.73,"Plantago   ovata"
34.79,31.31,"Plantago   ovata"
35.09,30,"Plantago   ovata"
35.070576,29.953756,"Plantago   ovata"
35.31997,31.482653,"Plantago   ovata"
-115.7,32.66,"Plantago   ovata"
35.266856,30.72957,"Plantago   ovata"
35.27521,30.730468,"Plantago   ovata"
-116.300592780162,33.7999867450763,"Plantago   ovata"
35.237619,30.725071,"Plantago   ovata"
-115.7011,32.66082,"Plantago   ovata"
34.914676,30.129412,"Plantago   ovata"
34.952809,30.233228,"Plantago   ovata"
34.887052,30.329604,"Plantago   ovata"
34.90311,30.178999,"Plantago   ovata"
34.918613,30.20339,"Plantago   ovata"
-119.435,33.229,"Plantago   ovata"
-115.104091,34.251102,"Plantago   ovata"
-118.29028,28.89028,"Plantago   ovata"
-115.078611,33.912222,"Plantago   ovata"
-119.4476,33.221,"Plantago   ovata"
34.902445,31.065666,"Plantago   ovata"
-115.03,34.20528,"Plantago   ovata"
-115.09139,34.245,"Plantago   ovata"
-120.059722,35.7061109991055,"Plantago   ovata"
-115.15,31.816667,"Plantago   ovata"
-118.2875,28.8875,"Plantago   ovata"
34.927598,30.332402,"Plantago   ovata"
-114.93111,33.8175,"Plantago   ovata"
34.830711,30.104844,"Plantago   ovata"
34.846322,30.091356,"Plantago   ovata"
-115.51861,33.66,"Plantago   ovata"
34.954564,30.36042,"Plantago   ovata"
-115.516667,33.666667,"Plantago   ovata"
-115.078889,33.911667,"Plantago   ovata"
34.747289,30.19659,"Plantago   ovata"
34.873216,29.801855,"Plantago   ovata"
-0.78,37.88,"Plantago   ovata"
-0.73,37.92,"Plantago   ovata"
-117.34278,35.05056,"Plantago   ovata"
35.043851,29.822921,"Plantago   ovata"
34.945346,29.908465,"Plantago   ovata"
35.383282,31.570965,"Plantago   ovata"
-117.34944,34.93194,"Plantago   ovata"
34.508877,31.011832,"Plantago   ovata"
34.497279,31.022592,"Plantago   ovata"
34.49219,31.002722,"Plantago   ovata"
34.509937,31.010034,"Plantago   ovata"
34.490029,31.011729,"Plantago   ovata"
34.492117,31.012643,"Plantago   ovata"
34.515134,31.015474,"Plantago   ovata"
34.507928,30.998298,"Plantago   ovata"
34.492157,31.007232,"Plantago   ovata"
34.505788,31.0046,"Plantago   ovata"
34.33907,31.14609,"Plantago   ovata"
34.490076,31.005416,"Plantago   ovata"
34.300326,31.140413,"Plantago   ovata"
34.497312,31.018083,"Plantago   ovata"
34.379781,31.046247,"Plantago   ovata"
34.74,30.19,"Plantago   ovata"
34.49,31,"Plantago   ovata"
34.49,31.01,"Plantago   ovata"
34.94,29.9,"Plantago   ovata"
34.49,31.02,"Plantago   ovata"
34.92,30.33,"Plantago   ovata"
34.9,31.06,"Plantago   ovata"
34.5,30.99,"Plantago   ovata"
34.91,30.12,"Plantago   ovata"
34.9,30.17,"Plantago   ovata"
34.33,31.14,"Plantago   ovata"
34.88,30.33,"Plantago   ovata"
34.38,31.04,"Plantago   ovata"
34.91,30.2,"Plantago   ovata"
34.51,31.01,"Plantago   ovata"
34.95,30.36,"Plantago   ovata"
34.5,31,"Plantago   ovata"
35.23,30.72,"Plantago   ovata"
34.84,30.09,"Plantago   ovata"
34.5,31.01,"Plantago   ovata"
35.26,30.73,"Plantago   ovata"
35.04,29.82,"Plantago   ovata"
34.95,30.23,"Plantago   ovata"
34.3,31.14,"Plantago   ovata"
35.27,30.73,"Plantago   ovata"
35.32,31.48,"Plantago   ovata"
34.83,30.1,"Plantago   ovata"
35.43813,32.433909,"Plantago   ovata"
-0.54,38.24,"Plantago   ovata"
-0.67,37.88,"Plantago   ovata"
-116.36861,35.9675,"Plantago   ovata"
35.061258,32.050788,"Plantago   ovata"
-116.363333,35.966667,"Plantago   ovata"
35.306302,31.494389,"Plantago   ovata"
-119.49,33.2209999991348,"Plantago   ovata"
-119.49,33.221,"Plantago   ovata"
35.038597,29.872531,"Plantago   ovata"
34.949727,30.219691,"Plantago   ovata"
34.899829,29.552028,"Plantago   ovata"
34.827718,30.073263,"Plantago   ovata"
34.9,29.55,"Plantago   ovata"
34.82,30.07,"Plantago   ovata"
34.95,30.22,"Plantago   ovata"
35.3,31.49,"Plantago   ovata"
35.03,29.87,"Plantago   ovata"
-114.280556,34.356389,"Plantago   ovata"
-116.20487,33.31541,"Plantago   ovata"
-114.74,32.82,"Plantago   ovata"
-121.033068,36.567291,"Plantago   ovata"
-115.8,32.15,"Plantago   ovata"
-115.84278,32.72833,"Plantago   ovata"
-117.6477,36.6219,"Plantago   ovata"
-115.24167,33.90833,"Plantago   ovata"
-117.9214,36.9318,"Plantago   ovata"
-120.993611,36.9722219990931,"Plantago   ovata"
-116.09583,32.80778,"Plantago   ovata"
-117.92139,36.93181,"Plantago   ovata"
-114.0203,37.1637,"Plantago   ovata"
-115.241667,33.908333,"Plantago   ovata"
-117.64778,36.62194,"Plantago   ovata"
-119.502,33.2675,"Plantago   ovata"
35.083231,31.442063,"Plantago   ovata"
35.014819,31.460018,"Plantago   ovata"
34.988434,31.495149,"Plantago   ovata"
53.9,16.9,"Plantago   ovata"
-115.75,30.25,"Plantago   ovata"
-114.683333,27.683333,"Plantago   ovata"
48.333333,28.666667,"Plantago   ovata"
48.416667,28.583333,"Plantago   ovata"
-115.79167,30.23333,"Plantago   ovata"
-119.702973035196,34.0319566317032,"Plantago   ovata"
-119.44,33.221,"Plantago   ovata"
-116.3659,33.0849,"Plantago   ovata"
-115.55,34.06667,"Plantago   ovata"
-114.633278,34.634361,"Plantago   ovata"
-115.55,34.066667,"Plantago   ovata"
-114.0572,37.0044,"Plantago   ovata"
35.314687,31.46462,"Plantago   ovata"
35.31,31.46,"Plantago   ovata"
-119.041,33.472,"Plantago   ovata"
-116.3408,33.3006,"Plantago   ovata"
-115.767222,30.251667,"Plantago   ovata"
-1.616,37.394,"Plantago   ovata"
-113.566667,31.316667,"Plantago   ovata"
-2.04,37.09,"Plantago   ovata"
-113.616667,31.333333,"Plantago   ovata"
-119.5,35.383333,"Plantago   ovata"
-115.0875,33.48028,"Plantago   ovata"
-114.271944,34.374444,"Plantago   ovata"
-114.17,37,"Plantago   ovata"
35.051626,31.470889,"Plantago   ovata"
-113.9096,37.0189,"Plantago   ovata"
-118.79028,35.43722,"Plantago   ovata"
-114.27194,34.37444,"Plantago   ovata"
34.861417,31.401978,"Plantago   ovata"
-116.633333,33.925,"Plantago   ovata"
-116.65032,36.42145,"Plantago   ovata"
-116.66556,36.41333,"Plantago   ovata"
-119.445,33.2215,"Plantago   ovata"
-116.36028,34.72528,"Plantago   ovata"
-116.33778,34.56917,"Plantago   ovata"
-113.878098,32.723202,"Plantago   ovata"
-119.535,33.267,"Plantago   ovata"
-116.289993,35.629721,"Plantago   ovata"
-116.851389,29.141944,"Plantago   ovata"
-113.518811,31.295039,"Plantago   ovata"
-1.01,38.07,"Plantago   ovata"
35.37,32,"Plantago   ovata"
35.630757,32.694904,"Plantago   ovata"
-115.91612,33.0984,"Plantago   ovata"
-112.933333,31.833333,"Plantago   ovata"
-116.3921,35.6995,"Plantago   ovata"
27.071667,31.381944,"Plantago   ovata"
-118.5375,32.977778,"Plantago   ovata"
-114.46889,34.69583,"Plantago   ovata"
-116.066949,35.769824,"Plantago   ovata"
-116.30417,33.7775,"Plantago   ovata"
-115.938889,33.094444,"Plantago   ovata"
-115.830314,35.092021,"Plantago   ovata"
-117.356389,35.8424999991041,"Plantago   ovata"
-116.64857,33.9674699991253,"Plantago   ovata"
-114.5681,37.4859,"Plantago   ovata"
-115.9991,33.2032,"Plantago   ovata"
-116.14609,33.28232,"Plantago   ovata"
-116.0204,32.7845,"Plantago   ovata"
-116.330595,31.188333,"Plantago   ovata"
-116.41268,35.07075,"Plantago   ovata"
-117.11667,36.81778,"Plantago   ovata"
-119.466667,33.233333,"Plantago   ovata"
-114.75455,32.7603,"Plantago   ovata"
-119.466,33.24,"Plantago   ovata"
-119.519461245079,33.2774798710535,"Plantago   ovata"
-117.939917,36.05,"Plantago   ovata"
-115.666667,30.1,"Plantago   ovata"
-112.625,29.833333,"Plantago   ovata"
-116.371,33.909,"Plantago   ovata"
-2.83,36.73,"Plantago   ovata"
-115.85,34.85556,"Plantago   ovata"
-115.85,34.866667,"Plantago   ovata"
-115.9175,33.6158,"Plantago   ovata"
-117.24028,35.10556,"Plantago   ovata"
-115.34131,34.11423,"Plantago   ovata"
-114.83562,32.75177,"Plantago   ovata"
-116.53095,35.0106,"Plantago   ovata"
-115.0603,34.3052,"Plantago   ovata"
-117.059037,35.014206,"Plantago   ovata"
-115.8708,33.162,"Plantago   ovata"
-115.86222,33.18056,"Plantago   ovata"
-115.3942,33.2203,"Plantago   ovata"
-119.45,33.22,"Plantago   ovata"
-116.5807,33.8465,"Plantago   ovata"
-115.824515,34.808869,"Plantago   ovata"
-115.747679,34.869163,"Plantago   ovata"
-116.30027,32.90896,"Plantago   ovata"
-115.79972,35.74417,"Plantago   ovata"
-116.648262,35.219695,"Plantago   ovata"
-115.5075,35.631779,"Plantago   ovata"
-116.64306,35.23,"Plantago   ovata"
-119.53389,33.25028,"Plantago   ovata"
-119.504167,33.228889,"Plantago   ovata"
-115.486958,34.568936,"Plantago   ovata"
-115.801,33.686,"Plantago   ovata"
-115.62252,33.03687,"Plantago   ovata"
-115.03591,34.06734,"Plantago   ovata"
-115.72,34.231,"Plantago   ovata"
-115.409,34.222,"Plantago   ovata"
-102.309722,26.898611,"Plantago   ovata"
-115.3838,32.8083,"Plantago   ovata"
-116.761386,34.949304,"Plantago   ovata"
-117.70377,34.93327,"Plantago   ovata"
-115.648043,35.580639,"Plantago   ovata"
-115.50528,34.98194,"Plantago   ovata"
-113.801078,28.836633,"Plantago   ovata"
-115.7125,33.96944,"Plantago   ovata"
-104.533333,29.566667,"Plantago   ovata"
-104.541667,29.575,"Plantago   ovata"
-116.3115,33.2977,"Plantago   ovata"
-115.8419,33.64778,"Plantago   ovata"
-115.6287,34.9503,"Plantago   ovata"
35.4,31.58,"Plantago   ovata"
35.38,31.56,"Plantago   ovata"
35.32,31.47,"Plantago   ovata"
35.53,32.28,"Plantago   ovata"
35.49,31.77,"Plantago   ovata"
-115.3579,30.4653,"Plantago   ovata"
-116.0185,32.70711,"Plantago   ovata"
-116.39191,33.71606,"Plantago   ovata"
-117.114722,36.7058329990956,"Plantago   ovata"
-116.096111,34.7124999991164,"Plantago   ovata"
-116.059262,33.418792,"Plantago   ovata"
-111.908611,25.314444,"Plantago   ovata"
-114.83803,31.0041,"Plantago   ovata"
-115.74306,32.67778,"Plantago   ovata"
-116.310644,35.73209,"Plantago   ovata"
-116.978892,36.726974,"Plantago   ovata"
-116.35,35.63333,"Plantago   ovata"
-116.9766,36.7203,"Plantago   ovata"
-115.6571,30.9699,"Plantago   ovata"
-117.030694,36.640472,"Plantago   ovata"
-116.5792,35.91,"Plantago   ovata"
-116.7077,35.9402,"Plantago   ovata"
-114.785425,33.320448,"Plantago   ovata"
-116.31083,35.73722,"Plantago   ovata"
-116.579167,35.910278,"Plantago   ovata"
-114.785425,33.320449,"Plantago   ovata"
-116.311111,35.7319439991052,"Plantago   ovata"
-116.3106,35.7321,"Plantago   ovata"
-100.816667,26.6,"Plantago   ovata"
-117.16623,36.82182,"Plantago   ovata"
-115.73444,34.53472,"Plantago   ovata"
-115.73212,34.979929,"Plantago   ovata"
-115.574381,34.973163,"Plantago   ovata"
-115.648197,34.884173,"Plantago   ovata"
-118.4148,32.8126,"Plantago   ovata"
-118.411801,33.363941,"Plantago   ovata"
-115.644323,35.00652,"Plantago   ovata"
-115.80889,33.73639,"Plantago   ovata"
-115.005991,34.100932,"Plantago   ovata"
-115.45044,35.564004,"Plantago   ovata"
-116.562222,33.762222,"Plantago   ovata"
-118.54583,32.90417,"Plantago   ovata"
-115.92268,32.74873,"Plantago   ovata"
-118.4405,32.88,"Plantago   ovata"
-115.9954,32.63687,"Plantago   ovata"
-119.031,33.475,"Plantago   ovata"
-115.233333,29.583333,"Plantago   ovata"
-116.5825,33.8458,"Plantago   ovata"
-115.666667,34.833333,"Plantago   ovata"
-10.058611,28.981389,"Plantago   ovata"
28.954167,30.826944,"Plantago   ovata"
-114.5275,33.8618999991266,"Plantago   ovata"
-119.580083,35.638108,"Plantago   ovata"
-117.34167,35.97361,"Plantago   ovata"
-116.55,33.76667,"Plantago   ovata"
-101.865561,27.005831,"Plantago   ovata"
-119.447,33.243,"Plantago   ovata"
-119.45,33.245,"Plantago   ovata"
-119.534,33.2815,"Plantago   ovata"
-115.958333,32.608333,"Plantago   ovata"
-119.035,33.469,"Plantago   ovata"
-116.079384,33.099567,"Plantago   ovata"
-115.98,33.0035,"Plantago   ovata"
-115.84534,32.76072,"Plantago   ovata"
-119.035,33.4669999991316,"Plantago   ovata"
-116.66889,33.91222,"Plantago   ovata"
29.611667,30.848889,"Plantago   ovata"
-116.603,33.998,"Plantago   ovata"
-115.5509,35.3147,"Plantago   ovata"
-116.058,33.423,"Plantago   ovata"
-115.8863,33.1754,"Plantago   ovata"
-116.15618,32.87925,"Plantago   ovata"
-115.1562,32.8792,"Plantago   ovata"
-116.760781,34.946281,"Plantago   ovata"
-116.63446,33.92684,"Plantago   ovata"
-115.379167,33.691667,"Plantago   ovata"
-116.405333,33.250556,"Plantago   ovata"
-116.41208,33.2651,"Plantago   ovata"
-119.505,33.2526,"Plantago   ovata"
-116.28163,33.33343,"Plantago   ovata"
-115.998823,32.739476,"Plantago   ovata"
-115.998889,32.739444,"Plantago   ovata"
-119.4853,33.2205,"Plantago   ovata"
-115.974167,32.815,"Plantago   ovata"
-116.486,33.963,"Plantago   ovata"
-119.485959926929,33.2204818030181,"Plantago   ovata"
-118.5331,32.9077,"Plantago   ovata"
-119.644578,35.661033,"Plantago   ovata"
-114.901,33.607,"Plantago   ovata"
-117.990036,35.38599,"Plantago   ovata"
-116.31667,33.81667,"Plantago   ovata"
-119.644444,35.661111,"Plantago   ovata"
-115.97417,32.815,"Plantago   ovata"
-119.5,33.25,"Plantago   ovata"
-117.3339,35.96001,"Plantago   ovata"
-112.385964,29.498781,"Plantago   ovata"
-114.945,33.133,"Plantago   ovata"
-120.0569,33.9213999991259,"Plantago   ovata"
-115.610536,34.800017,"Plantago   ovata"
-118.475962,33.387091,"Plantago   ovata"
-116.38779,33.81538,"Plantago   ovata"
-116.45833,33.775,"Plantago   ovata"
-116.15021,35.43606,"Plantago   ovata"
-116.24431,33.15726,"Plantago   ovata"
-115.96472,33.28028,"Plantago   ovata"
-116.2443,33.1573,"Plantago   ovata"
-116.211914,34.164278,"Plantago   ovata"
-114.85474,32.75717,"Plantago   ovata"
-114.7536,32.8421,"Plantago   ovata"
-114.85,32.75,"Plantago   ovata"
-115.0571,32.9947,"Plantago   ovata"
-0.54,38.33,"Plantago   ovata"
-114.75358,32.84206,"Plantago   ovata"
-117.4533,34.8642,"Plantago   ovata"
-115.959722,33.588611,"Plantago   ovata"
9,34,"Plantago   ovata"
-114.9266,33.6055,"Plantago   ovata"
-113.581697,31.410619,"Plantago   ovata"
-118.3202,33.3397,"Plantago   ovata"
-115.4244,34.9347,"Plantago   ovata"
-116.4089,33.2161,"Plantago   ovata"
-119.4105,34.007,"Plantago   ovata"
-116.4567,33.585,"Plantago   ovata"
-119.4122,34.0075,"Plantago   ovata"
-119.038,33.469,"Plantago   ovata"
-119.327667200786,34.2869521415912,"Plantago   ovata"
-119.327,34.287,"Plantago   ovata"
-118.3632,32.821,"Plantago   ovata"
-118.356,32.821,"Plantago   ovata"
-116.0532,33.12607,"Plantago   ovata"
-116.2934,33.6878,"Plantago   ovata"
-119.4114,34.0074,"Plantago   ovata"
-116.07724,32.67266,"Plantago   ovata"
-115.8398,32.7916,"Plantago   ovata"
-116.08016,33.132156,"Plantago   ovata"
-117.17288,34.746281,"Plantago   ovata"
-116.9681,36.7424,"Plantago   ovata"
-115.9297,33.2337,"Plantago   ovata"
-119.4311,34.0119,"Plantago   ovata"
-0.84,37.84,"Plantago   ovata"
-118.426,32.805,"Plantago   ovata"
-115.09827,31.46967,"Plantago   ovata"
-116.9469,36.7453,"Plantago   ovata"
-116.972421,36.31057,"Plantago   ovata"
-116.96989,36.70008,"Plantago   ovata"
-115.7118,32.6771,"Plantago   ovata"
-119.489,33.25,"Plantago   ovata"
-114.81,30.94,"Plantago   ovata"
-116.375,33.65,"Plantago   ovata"
-115.846194,32.566725,"Plantago   ovata"
-115.5,34.11667,"Plantago   ovata"
-114.75,30.69,"Plantago   ovata"
-115.3056,33.7038,"Plantago   ovata"
-115.8189,33.6521,"Plantago   ovata"
-116.05893,33.425922,"Plantago   ovata"
-116.05803,33.42334,"Plantago   ovata"
-0.6,38.28,"Plantago   ovata"
-116.1078,33.7483,"Plantago   ovata"
-114.72282,33.357704,"Plantago   ovata"
-114.5292,33.7158,"Plantago   ovata"
-115.32472,33.62611,"Plantago   ovata"
-114.83748,32.861164,"Plantago   ovata"
-115.713,32.663,"Plantago   ovata"
-115.513985,33.23809,"Plantago   ovata"
-116.263939,35.614176,"Plantago   ovata"
-117.251667,36.23,"Plantago   ovata"
-115.2734,33.6901,"Plantago   ovata"
-116.269475,35.617664,"Plantago   ovata"
-116.408975,34.781604,"Plantago   ovata"
-117.251667,36.2299999991002,"Plantago   ovata"
-117.928696,35.345337,"Plantago   ovata"
-115.783333,30.15,"Plantago   ovata"
-115.606838,34.931819,"Plantago   ovata"
-115.89222,34.12333,"Plantago   ovata"
-116.016667,30.733333,"Plantago   ovata"
-115.933333,30.366667,"Plantago   ovata"
-117.917465,35.387203,"Plantago   ovata"
-116.3483,33.2813,"Plantago   ovata"
-115.8908,32.7841,"Plantago   ovata"
-119.622773113354,35.3343617176018,"Plantago   ovata"
-115.42786,33.71063,"Plantago   ovata"
-117.02825,34.820235,"Plantago   ovata"
-116.4243,33.2724,"Plantago   ovata"
-117.94972,35.325,"Plantago   ovata"
-120.4046,36.14118,"Plantago   ovata"
-116.36616,35.03084,"Plantago   ovata"
-122.27167,37.87167,"Plantago   ovata"
-116.82123,36.51205,"Plantago   ovata"
-118.8065,34.0019,"Plantago   ovata"
-116.33607,33.16458,"Plantago   ovata"
-116.126,32.8762,"Plantago   ovata"
-115.9806,33.5847,"Plantago   ovata"
-116.641202052021,33.9405805014581,"Plantago   ovata"
-116.52516,35.91689,"Plantago   ovata"
-116.5505,33.7612,"Plantago   ovata"
-114.8,33.8667,"Plantago   ovata"
-115.15855,32.7325,"Plantago   ovata"
-116.5486,33.8333,"Plantago   ovata"
-116.3307,33.8277,"Plantago   ovata"
-114.8955,32.7285,"Plantago   ovata"
-115.9363,33.584,"Plantago   ovata"
-116.378056,33.268611,"Plantago   ovata"
-116.033333,30.816667,"Plantago   ovata"
-116.10232,34.715011,"Plantago   ovata"
-116.0041,33.5355,"Plantago   ovata"
-113.116667,26.9,"Plantago   ovata"
-114.176667,29.06,"Plantago   ovata"
-116.260592135027,33.829986162709,"Plantago   ovata"
-116.8391,34.9397,"Plantago   ovata"
-116.483597,33.864399,"Plantago   ovata"
-115.835,33.109,"Plantago   ovata"
-117.1602,33.113,"Plantago   ovata"
-117.9206,35.4299,"Plantago   ovata"
-119.5,33.246,"Plantago   ovata"
-116.40221,33.72605,"Plantago   ovata"
-115.83918,33.440059999132,"Plantago   ovata"
-116.10463,34.10669,"Plantago   ovata"
-115.190084,34.768854,"Plantago   ovata"
-115.79762,34.12204,"Plantago   ovata"
-117.02276,34.871002,"Plantago   ovata"
-115.67771,34.745985,"Plantago   ovata"
-115.79068,34.54488,"Plantago   ovata"
-116.02146,35.888912,"Plantago   ovata"
-115.828731,35.755745,"Plantago   ovata"
-116.003523,35.935104,"Plantago   ovata"
-116.0035,35.9351,"Plantago   ovata"
-115.8371,35.759502,"Plantago   ovata"
-115.597639,35.055,"Plantago   ovata"
-115.544033,35.048691,"Plantago   ovata"
-116.099722,32.875278,"Plantago   ovata"
-115.914,33.5019,"Plantago   ovata"
-116.9433,36.7463,"Plantago   ovata"
-115.702029,34.077007,"Plantago   ovata"
-119.033,33.4689999991316,"Plantago   ovata"
-116.29898,33.23922,"Plantago   ovata"
-116.85114,34.94987,"Plantago   ovata"
-119.033,33.469,"Plantago   ovata"
-115.9867,32.8091,"Plantago   ovata"
-116.910776,34.915491,"Plantago   ovata"
-118.35222,32.81944,"Plantago   ovata"
-117.13529,36.82337,"Plantago   ovata"
-116.054634,34.120262,"Plantago   ovata"
-120.91576,36.875843,"Plantago   ovata"
-117.2575,35.84944,"Plantago   ovata"
-119.5163,33.2285999991347,"Plantago   ovata"
-115.7176,33.9032,"Plantago   ovata"
-114.4641,34.4429,"Plantago   ovata"
-114.828072,35.055341,"Plantago   ovata"
-116.95371,36.74731,"Plantago   ovata"
-117.33849,35.96033,"Plantago   ovata"
-116.55,33.833,"Plantago   ovata"
-116.16752,33.21551,"Plantago   ovata"
-119.392,34.005,"Plantago   ovata"
-118.426332040038,32.8054016148108,"Plantago   ovata"
-118.4257,32.8054,"Plantago   ovata"
38.39291,35.85403,"Plantago   ovata"
38.39437,35.85604,"Plantago   ovata"
-118.42583,32.80389,"Plantago   ovata"
-115.437937,34.45474,"Plantago   ovata"
-119.447,33.23,"Plantago   ovata"
-119.447,33.2299999991347,"Plantago   ovata"
-119.463,33.254,"Plantago   ovata"
-116.05545,33.69464,"Plantago   ovata"
-116.144,32.873,"Plantago   ovata"
-115.8316,33.20192,"Plantago   ovata"
-116.014,33.609,"Plantago   ovata"
-119.98737,35.939476,"Plantago   ovata"
-119.98807322662,35.9393795319291,"Plantago   ovata"
-114.7165,33.6158,"Plantago   ovata"
-114.99,33.607,"Plantago   ovata"
-116.14538,33.18003,"Plantago   ovata"
-121.50333,37.63267,"Plantago   ovata"
-121.4804,37.655113,"Plantago   ovata"
-113.772222,28.293611,"Plantago   ovata"
-116.215,33.7199999991284,"Plantago   ovata"
-114.5356,33.6059,"Plantago   ovata"
-115.34,33.7637,"Plantago   ovata"
-116.5557,33.854,"Plantago   ovata"
-119.28583,35.05778,"Plantago   ovata"
-116.365333,33.82775,"Plantago   ovata"
-116.01083,32.88178,"Plantago   ovata"
-119.56226,35.376263,"Plantago   ovata"
-117.372833,35.759998,"Plantago   ovata"
-119.598724,35.616062,"Plantago   ovata"
-116.074496,35.264888,"Plantago   ovata"
-116.10999,33.40456,"Plantago   ovata"
-116.820572,34.905112,"Plantago   ovata"
-116.08593,33.09611,"Plantago   ovata"
-119.7751,35.449,"Plantago   ovata"
-116.10044,33.09655,"Plantago   ovata"
-116.308,33.838,"Plantago   ovata"
-114.61528,34.68778,"Plantago   ovata"
-117.0528,32.61394,"Plantago   ovata"
-116.58583,34.02833,"Plantago   ovata"
-116.820385,34.956309,"Plantago   ovata"
-114.992,33.612,"Plantago   ovata"
-120.96572,36.899082,"Plantago   ovata"
-117.05368,32.61854,"Plantago   ovata"
-114.166667,28.7,"Plantago   ovata"
-114.166667,28.983333,"Plantago   ovata"
-118.8967,35.4375,"Plantago   ovata"
-115.401111,33.7125,"Plantago   ovata"
-117.4394,35.6584,"Plantago   ovata"
-116.37788,33.33247,"Plantago   ovata"
-118.8275,35.20917,"Plantago   ovata"
-116.12552,33.10398,"Plantago   ovata"
-120.36954,36.447422,"Plantago   ovata"
-119.10792,35.35611,"Plantago   ovata"
-117.229359,35.787009,"Plantago   ovata"
-117.88,33.93,"Plantago   ovata"
-117.022795,34.896991,"Plantago   ovata"
-114.141686,34.289125,"Plantago   ovata"
-115.69058,34.22536,"Plantago   ovata"
-116.35446,32.97616,"Plantago   ovata"
-116.1006,32.8753,"Plantago   ovata"
-119.5595,35.2788,"Plantago   ovata"
-116.048884,34.218345,"Plantago   ovata"
-119.45556,35.1425,"Plantago   ovata"
-120.65626,36.627632,"Plantago   ovata"
-118.937106,35.426517,"Plantago   ovata"
-120.38056,36.66656,"Plantago   ovata"
-115.877306,33.169583,"Plantago   ovata"
-116.4003,33.6532,"Plantago   ovata"
-116.022484,32.752182,"Plantago   ovata"
-114.638056,34.624722,"Plantago   ovata"
-114.644621,34.910666,"Plantago   ovata"
-116.024639,33.592917,"Plantago   ovata"
-115.996667,35.233056,"Plantago   ovata"
-115.14917,33.21163,"Plantago   ovata"
-115.92589,32.84709,"Plantago   ovata"
-114.9156,33.0852,"Plantago   ovata"
-114.92528,33.08194,"Plantago   ovata"
-116.0074,33.6118,"Plantago   ovata"
-116.1825,33.6764,"Plantago   ovata"
-115.21298,32.75033,"Plantago   ovata"
-114.86232,33.21693,"Plantago   ovata"
-116.3006,33.8311,"Plantago   ovata"
-116.4777,33.7523,"Plantago   ovata"
-116.3754,33.6974,"Plantago   ovata"
-116.310093395834,33.8412855141969,"Plantago   ovata"
-116.375397,33.697399,"Plantago   ovata"
-116.316667,33.833333,"Plantago   ovata"
-115.835278,33.109167,"Plantago   ovata"
-115.2693,32.76672,"Plantago   ovata"
-115.8204,33.661,"Plantago   ovata"
-115.22,33.6829,"Plantago   ovata"
-115.2252,32.7533,"Plantago   ovata"
-116.34758,33.23654,"Plantago   ovata"
-117.336047,35.961404,"Plantago   ovata"
-115.15417,33.655556,"Plantago   ovata"
-114.493731,34.305926,"Plantago   ovata"
-116.5247,35.917,"Plantago   ovata"
-115.310833,33.701389,"Plantago   ovata"
-115.24506,32.70952,"Plantago   ovata"
-115.18247,32.74046,"Plantago   ovata"
-114.9513,33.604,"Plantago   ovata"
-114.983,33.608,"Plantago   ovata"
-116.550598909749,33.8329841433231,"Plantago   ovata"
-115.8665,33.1959,"Plantago   ovata"
-115.27522,33.13052,"Plantago   ovata"
-118.335757,33.35695,"Plantago   ovata"
-118.443333,33.350556,"Plantago   ovata"
-115.83629,33.19554,"Plantago   ovata"
-116.6714,33.9223,"Plantago   ovata"
-118.425236,33.334687,"Plantago   ovata"
-119.3887,34.0051999991248,"Plantago   ovata"
-116.113,32.6894,"Plantago   ovata"
-115.88,30.406667,"Plantago   ovata"
-117.2821,35.8356,"Plantago   ovata"
-115.178009,34.956481,"Plantago   ovata"
-116.766667,33.9,"Plantago   ovata"
-117.867,34.926,"Plantago   ovata"
-117.215,36.05,"Plantago   ovata"
-117.139,36.335,"Plantago   ovata"
-117.7073,33.8726,"Plantago   ovata"
-116.532,35.798,"Plantago   ovata"
-116.08406,33.28919,"Plantago   ovata"
-115.92695,32.76492,"Plantago   ovata"
-115.6682,33.6684,"Plantago   ovata"
-116.42278,35.68167,"Plantago   ovata"
-116.2532,35.61014,"Plantago   ovata"
-116.313,33.849,"Plantago   ovata"
-116.7054,33.9209,"Plantago   ovata"
-115.716667,33.516667,"Plantago   ovata"
-116.1092,33.2965,"Plantago   ovata"
-115.2294,32.8118,"Plantago   ovata"
-115.908581586017,33.5819955413219,"Plantago   ovata"
-115.31617,32.817978,"Plantago   ovata"
-115.8306,33.5046,"Plantago   ovata"
-116.388817,33.137407,"Plantago   ovata"
-115.0798,32.7083,"Plantago   ovata"
-115.08007,32.708156,"Plantago   ovata"
-116.2532,33.7221,"Plantago   ovata"
-116.268997,33.813384,"Plantago   ovata"
-114.96794,32.72152,"Plantago   ovata"
-117.73417,33.485176,"Plantago   ovata"
-116.0767,33.5701,"Plantago   ovata"
-115.7262,33.3707,"Plantago   ovata"
-115.181721,34.815731,"Plantago   ovata"
-115.3058,33.6204,"Plantago   ovata"
-115.6424,33.7001,"Plantago   ovata"
-116.974137,35.006573,"Plantago   ovata"
-114.768035,34.90346,"Plantago   ovata"
-116.5409,33.8276,"Plantago   ovata"
-114.791639,34.881333,"Plantago   ovata"
-116.078499,33.569901,"Plantago   ovata"
-116.233056,34.726111,"Plantago   ovata"
-117.0228,34.8986,"Plantago   ovata"
-116.35646,32.9762,"Plantago   ovata"
-114.9432,33.6134,"Plantago   ovata"
-114.836,34.3026,"Plantago   ovata"
-115.53027,32.97865,"Plantago   ovata"
-116.2324,33.20325,"Plantago   ovata"
-116.27,33.2256,"Plantago   ovata"
-116.0785,33.5699,"Plantago   ovata"
-116.775278,33.918611,"Plantago   ovata"
-117.300596,34.425956,"Plantago   ovata"
-116.550601909819,33.832984143303,"Plantago   ovata"
-116.98684,36.203144,"Plantago   ovata"
-116.38799,33.13949,"Plantago   ovata"
-115.60738,32.9109,"Plantago   ovata"
-114.458187,34.675676,"Plantago   ovata"
-116.375,33.2564,"Plantago   ovata"
-115.05707,32.79189,"Plantago   ovata"
-116.6514,33.9079,"Plantago   ovata"
-115.653458,35.012398,"Plantago   ovata"
-116.05957,32.87728,"Plantago   ovata"
-114.7385,33.8305,"Plantago   ovata"
-118.95944,35.42639,"Plantago   ovata"
-116.215,33.72,"Plantago   ovata"
-117.65722,35.36861,"Plantago   ovata"
-116.055198,34.706961,"Plantago   ovata"
-117.12945,32.73409,"Plantago   ovata"
-115.5189,33.24,"Plantago   ovata"
-115.06355,34.919965,"Plantago   ovata"
-115.498886,32.67895,"Plantago   ovata"
-116.6415,33.9253,"Plantago   ovata"
-115.70434,32.6509,"Plantago   ovata"
-116.39,33.14,"Plantago   ovata"
-115.5935,33.7107,"Plantago   ovata"
-16.344167,33.069722,"Plantago   ovata"
-116.27,33.22217,"Plantago   ovata"
-117.5971,36.2667,"Plantago   ovata"
-117.19399,36.104874,"Plantago   ovata"
5.728056,34.855556,"Plantago   ovata"
20.068056,32.121944,"Plantago   ovata"
-117.129,32.734,"Plantago   ovata"
-117.3148,34.0754,"Plantago   ovata"
-118.32,29.03,"Plantago   ovata"
-16.37278,28.35631,"Plantago   ovata"
-16.37243,28.35631,"Plantago   ovata"
-16.239925,31.562553,"Plantago   ovata"
5.73822,34.85754,"Plantago   ovata"
-1.111389,37.944722,"Plantago   ovata"
-1.74582,38.15115,"Plantago   ovata"
-0.99636,37.62573,"Plantago   ovata"
50.311944,29.245833,"Plantago   ovata"
29.87194,26.49417,"Plantago   ovata"
35.44,32.05,"Plantago   ovata"
35.41,31.76,"Plantago   ovata"
35.27,31.19,"Plantago   ovata"
-14.05,28.416667,"Plantago   ovata"
-116.655556,33.828056,"Plantago   ovata"
-2.77,36.68,"Plantago   ovata"
-2.1,37.04,"Plantago   ovata"
48.883333,31.6,"Plantago   ovata"
-0.541109817863876,38.2388075250707,"Plantago   ovata"
-0.651113417121021,38.3288081003978,"Plantago   ovata"
-2.27112504155283,37.0887697755537,"Plantago   ovata"
44.416667,32.55,"Plantago   ovata"
-118.367,34.002,"Plantago   ovata"
-2.55113049530577,37.0987671451026,"Plantago   ovata"
-13.6112034850571,28.9685592624199,"Plantago   ovata"
-13.5112075538217,29.4185635280861,"Plantago   ovata"
-1.75,37.67,"Plantago   ovata"
-2.43,37.04,"Plantago   ovata"
-2.55,36.77,"Plantago   ovata"
34.57,30.62,"Plantago   ovata"
35.54,32.72,"Plantago   ovata"
35.5,32.23,"Plantago   ovata"
35.5,32.1,"Plantago   ovata"
-116.655677,33.827998,"Plantago   ovata"
31.833333,30.316667,"Plantago   ovata"
-1.98,34.68,"Plantago   ovata"
-1.52,37.75,"Plantago   ovata"
34.77,30.7,"Plantago   ovata"
34.85,30.92,"Plantago   ovata"
34.8,30.87,"Plantago   ovata"
34.92,30.43,"Plantago   ovata"
35.28,30.97,"Plantago   ovata"
35.02,30.65,"Plantago   ovata"
35.37,31.13,"Plantago   ovata"
35.5,31.87,"Plantago   ovata"
35.39,31.61,"Plantago   ovata"
35.55,32.46,"Plantago   ovata"
35.39,31.33,"Plantago   ovata"
-4.98114867807796,35.3587148343041,"Plantago   ovata"
-2.38112433003785,36.9087656102181,"Plantago   ovata"
-118.453216,33.403931,"Plantago   ovata"
-13.6112045905683,29.0585599082704,"Plantago   ovata"
-13.7512059440336,28.9985581481345,"Plantago   ovata"
-13.5112042023456,29.1485615136148,"Plantago   ovata"
48.81972,40.29694,"Plantago   ovata"
-14.0312021001989,28.3385510301231,"Plantago   ovata"
-2.19108228970075,34.2887265100952,"Plantago   ovata"
35.43,32.06,"Plantago   ovata"
34.41,30.91,"Plantago   ovata"
35.25,31.21,"Plantago   ovata"
34.64,30.37,"Plantago   ovata"
35.11,30.91,"Plantago   ovata"
34.86,31.15,"Plantago   ovata"
34.97,30.02,"Plantago   ovata"
35.13,30.11,"Plantago   ovata"
35.06,29.89,"Plantago   ovata"
-119.621,35.3189,"Plantago   ovata"
-2.32,37.04,"Plantago   ovata"
-0.771114323126372,38.2388052354255,"Plantago   ovata"
-16.1812354300635,28.5185318972885,"Plantago   ovata"
-13.931203867702,28.608553744985,"Plantago   ovata"
-2.0411206744058,37.0887720704474,"Plantago   ovata"
34.56,30.46,"Plantago   ovata"
35.33,31.32,"Plantago   ovata"
35.33,31.68,"Plantago   ovata"
35.44,32.01,"Plantago   ovata"
34.62,30.96,"Plantago   ovata"
34.78,30.69,"Plantago   ovata"
35.25,31.2,"Plantago   ovata"
34.55,30.45,"Plantago   ovata"
34.29,31.19,"Plantago   ovata"
35.18,30.61,"Plantago   ovata"
-16.383333,28.35,"Plantago   ovata"
-14.308667,28.07,"Plantago   ovata"
-116.600003,35.900003,"Plantago   ovata"
-17.1112431732573,28.0785205360705,"Plantago   ovata"
-119.4581,33.2423999991345,"Plantago   ovata"
-2.66,37.04,"Plantago   ovata"
-2.43,36.77,"Plantago   ovata"
38.505,35.01306,"Plantago   ovata"
34.63,30.34,"Plantago   ovata"
34.62,30.97,"Plantago   ovata"
34.8,31.16,"Plantago   ovata"
34.64,30.36,"Plantago   ovata"
35.34,31.37,"Plantago   ovata"
35.39,32.05,"Plantago   ovata"
35.55,32.64,"Plantago   ovata"
-2.83113001867157,36.7287580871475,"Plantago   ovata"
-2.16111739742588,36.7287647645045,"Plantago   ovata"
-2.88,36.68,"Plantago   ovata"
35.13,31.03,"Plantago   ovata"
35.27,30.75,"Plantago   ovata"
34.81,30.83,"Plantago   ovata"
35.18,31.06,"Plantago   ovata"
34.87,30.61,"Plantago   ovata"
-116.645,34.956,"Plantago   ovata"
-118.325672,33.344726,"Plantago   ovata"
-3.1705,34.8843,"Plantago   ovata"
-116.8176,33.932,"Plantago   ovata"
-15.78,37.13,"Plantago   ovata"
-2.88,36.77,"Plantago   ovata"
34.96,29.96,"Plantago   ovata"
35.47,32.09,"Plantago   ovata"
35.36,31.71,"Plantago   ovata"
35.14,30.99,"Plantago   ovata"
34.65,31.24,"Plantago   ovata"
34.6,31.24,"Plantago   ovata"
34.81,31.19,"Plantago   ovata"
34.71,30.97,"Plantago   ovata"
35.28,31.51,"Plantago   ovata"
-16.3412979886582,33.0285681849427,"Plantago   ovata"
-15.4612197390625,28.0685359703084,"Plantago   ovata"
-17.3212470415612,28.1585190018194,"Plantago   ovata"
35.32,31.32,"Plantago   ovata"
35.24,31.21,"Plantago   ovata"
34.81,31.15,"Plantago   ovata"
34.39,30.92,"Plantago   ovata"
34.44,31.28,"Plantago   ovata"
34.66,30.47,"Plantago   ovata"
34.97,30.38,"Plantago   ovata"
34.87,30.02,"Plantago   ovata"
35.44,32.32,"Plantago   ovata"
-119.9665,37.8694,"Plantago   ovata"
-1.29,38.02,"Plantago   ovata"
-3.085944,34.318402,"Plantago   ovata"
34.92,29.98,"Plantago   ovata"
34.66,30.52,"Plantago   ovata"
35.34,31.01,"Plantago   ovata"
35.23,31.24,"Plantago   ovata"
35.23,30.79,"Plantago   ovata"
35.55,32.55,"Plantago   ovata"
-0.99,38.080002,"Plantago   ovata"
-17.1912439242048,28.0485196177376,"Plantago   ovata"
-13.8212055165396,28.8785566361821,"Plantago   ovata"
-15.56,37.04,"Plantago   ovata"
43.5175,42.17639,"Plantago   ovata"
-7.266667,30.666667,"Plantago   ovata"
-17.28124528986,28.0585188257516,"Plantago   ovata"
-17.211243962356,28.028519319962,"Plantago   ovata"
-13.8212044180928,28.7885560099484,"Plantago   ovata"
-1.51,38.2,"Plantago   ovata"
35.34,31.31,"Plantago   ovata"
34.6,30.92,"Plantago   ovata"
34.98,29.96,"Plantago   ovata"
35.29,31.18,"Plantago   ovata"
34.99,29.98,"Plantago   ovata"
35.42,32.04,"Plantago   ovata"
34.97,31.01,"Plantago   ovata"
35.23,31.6,"Plantago   ovata"
35.02,30.02,"Plantago   ovata"
-3.50114252022143,36.7287513627025,"Plantago   ovata"
-1.41,37.57,"Plantago   ovata"
-0.82,38.37,"Plantago   ovata"
34.5,30.92,"Plantago   ovata"
34.55,30.52,"Plantago   ovata"
34.66,30.38,"Plantago   ovata"
35.34,31.74,"Plantago   ovata"
35.66,32.68,"Plantago   ovata"
34.87,29.89,"Plantago   ovata"
-13.5112053154485,29.2385621771404,"Plantago   ovata"
-1.1,37.95,"Plantago   ovata"
-2.61112588749681,36.7287602849496,"Plantago   ovata"
35.44,32,"Plantago   ovata"
34.5,30.91,"Plantago   ovata"
34.45,30.92,"Plantago   ovata"
34.6,30.88,"Plantago   ovata"
34.87,29.8,"Plantago   ovata"
34.97,29.98,"Plantago   ovata"
35.28,31.01,"Plantago   ovata"
34.71,30.56,"Plantago   ovata"
35.66,32.73,"Plantago   ovata"
-119.533056,34.953611,"Plantago   ovata"
-17.1112434126553,28.0985206470925,"Plantago   ovata"
-15.466667,28.066667,"Plantago   ovata"
34.77,30.86,"Plantago   ovata"
34.99,29.97,"Plantago   ovata"
34.66,30.74,"Plantago   ovata"
34.71,30.61,"Plantago   ovata"
35.34,31.33,"Plantago   ovata"
35.44,31.87,"Plantago   ovata"
35.39,31.78,"Plantago   ovata"
34.87,29.71,"Plantago   ovata"
35.43,31.69,"Plantago   ovata"
-17.1912450019532,28.1385201162372,"Plantago   ovata"
-0.431106224418495,38.1488069540357,"Plantago   ovata"
-2.04112207437206,37.1787736196496,"Plantago   ovata"
-2.5,36.82,"Plantago   ovata"
34.61,30.91,"Plantago   ovata"
35.27,31.52,"Plantago   ovata"
34.8,30.68,"Plantago   ovata"
35.34,30.97,"Plantago   ovata"
35.44,31.78,"Plantago   ovata"
35.34,30.92,"Plantago   ovata"
-0.781108790341175,37.8787985448144,"Plantago   ovata"
-1.12111699042226,37.9787969770937,"Plantago   ovata"
-16.57,37.3,"Plantago   ovata"
-1.96113692299149,38.208792740605,"Plantago   ovata"
35.133333,31.716667,"Plantago   ovata"
34.47,30.75,"Plantago   ovata"
34.87,30.88,"Plantago   ovata"
35.38,31.47,"Plantago   ovata"
-0.891115226489397,38.148802379606,"Plantago   ovata"
-117.2588,32.8332,"Plantago   ovata"
-2.66,36.77,"Plantago   ovata"
-13.5112064326018,29.3285628486281,"Plantago   ovata"
35.31,31.5,"Plantago   ovata"
35,29.9,"Plantago   ovata"
34.97,29.62,"Plantago   ovata"
35.17,30.34,"Plantago   ovata"
35.34,31.83,"Plantago   ovata"
-2.50112520399343,36.8187628929138,"Plantago   ovata"
6.18,49.73,"Plantago   ovata"
-1.64,37.39,"Plantago   ovata"
-1.07,37.57,"Plantago   ovata"
-2.73,34.63,"Plantago   ovata"
35.26,31.19,"Plantago   ovata"
34.93,30.42,"Plantago   ovata"
35.13,31.01,"Plantago   ovata"
35.02,30.43,"Plantago   ovata"
35.44,32.23,"Plantago   ovata"
-1.5711344400754,38.5188024119914,"Plantago   ovata"
-115.9849,33.9557,"Plantago   ovata"
50.833333,28.966667,"Plantago   ovata"
-8,31.68,"Plantago   ovata"
34.8,30.86,"Plantago   ovata"
34.76,30.88,"Plantago   ovata"
35.23,31.01,"Plantago   ovata"
35.5,31.96,"Plantago   ovata"
-114.73333,30.86667,"Plantago   ovata"
-16.33,29.37,"Plantago   ovata"
-2.88,34.83,"Plantago   ovata"
-2.29,34.93,"Plantago   ovata"
-119.5573,35.0837,"Plantago   ovata"
-115.196,33.6529999991292,"Plantago   ovata"
35.32,31.49,"Plantago   ovata"
35.42,31.66,"Plantago   ovata"
35.13,30.99,"Plantago   ovata"
34.99,29.9,"Plantago   ovata"
35.14,31,"Plantago   ovata"
34.76,31.01,"Plantago   ovata"
34.81,31.28,"Plantago   ovata"
34.82,29.89,"Plantago   ovata"
34.97,29.93,"Plantago   ovata"
34.97,29.71,"Plantago   ovata"
35.44,32.37,"Plantago   ovata"
-1.76,37.22,"Plantago   ovata"
-15.67,37.04,"Plantago   ovata"
-10.17,29.05,"Plantago   ovata"
-115.9619,35.2553,"Plantago   ovata"
-13.5112018656902,28.9585601389501,"Plantago   ovata"
-2.77,36.77,"Plantago   ovata"
35.4,31.55,"Plantago   ovata"
34.82,31.25,"Plantago   ovata"
35.23,31.25,"Plantago   ovata"
34.85,30.93,"Plantago   ovata"
34.6,30.97,"Plantago   ovata"
34.76,30.11,"Plantago   ovata"
35.23,31.19,"Plantago   ovata"
35.44,31.92,"Plantago   ovata"
-0.541112704994286,38.4188108748663,"Plantago   ovata"
-13.933333,28.6,"Plantago   ovata"
-15.6612236818984,28.158534626189,"Plantago   ovata"
-13.821206987364,28.9985574835047,"Plantago   ovata"
34.89,31.21,"Plantago   ovata"
35.23,31.23,"Plantago   ovata"
34.61,30.47,"Plantago   ovata"
34.97,29.84,"Plantago   ovata"
34.97,30.34,"Plantago   ovata"
35.08,29.98,"Plantago   ovata"
35.5,32.32,"Plantago   ovata"
34.87,29.93,"Plantago   ovata"
34.97615,29.421383,"Plantago   ovata"
54.19778,32.73944,"Plantago   ovata"
-2.55,34.95,"Plantago   ovata"
-1.52,37.84,"Plantago   ovata"
34.97,29.96,"Plantago   ovata"
35.37,31.65,"Plantago   ovata"
34.76,31.37,"Plantago   ovata"
35.28,30.74,"Plantago   ovata"
35.44,31.73,"Plantago   ovata"
35.43,31.66,"Plantago   ovata"
-2.66,36.68,"Plantago   ovata"
-16.57,37.21,"Plantago   ovata"
79.61611,22.88361,"Plantago   ovata"
-2.73,34.93,"Plantago   ovata"
10.438333,35.671667,"Plantago   ovata"
-0.52,38.380001,"Plantago   ovata"
-119.4299,34.0116,"Plantago   ovata"
-2.32,36.77,"Plantago   ovata"
34.87,30.92,"Plantago   ovata"
34.92,30.56,"Plantago   ovata"
34.71,30.47,"Plantago   ovata"
35.34,31.24,"Plantago   ovata"
35.38,31.28,"Plantago   ovata"
-116.3565,32.9762,"Plantago   ovata"
35.24,31.23,"Plantago   ovata"
34.6,31.46,"Plantago   ovata"
34.76,30.92,"Plantago   ovata"
-119.411166194053,34.0069594308374,"Plantago   ovata"
-120.370254845382,36.4473101327943,"Plantago   ovata"
-17.2412464155022,28.1985199809502,"Plantago   ovata"
-1.17,38.2,"Plantago   ovata"
-13.8212066189888,28.9685572703505,"Plantago   ovata"
-1.62,37.389999,"Plantago   ovata"
34.5,31.33,"Plantago   ovata"
34.44,31.19,"Plantago   ovata"
35.02,30.2,"Plantago   ovata"
-1.82,37.27,"Plantago   ovata"
-0.431109097359408,38.3288102899381,"Plantago   ovata"
35.13,30.92,"Plantago   ovata"
35.38,31.55,"Plantago   ovata"
35.18,31.51,"Plantago   ovata"
-2.21,37.04,"Plantago   ovata"
-1.69113382795196,38.3387978574628,"Plantago   ovata"
-3.64944,40.22694,"Plantago   ovata"
-0.651114865195135,38.4188097781582,"Plantago   ovata"
-0.891113789977442,38.0588007290271,"Plantago   ovata"
-1.86,37.49,"Plantago   ovata"
-15.44,36.86,"Plantago   ovata"
-1.63,37.66,"Plantago   ovata"
-13.75,37.58,"Plantago   ovata"
34.55,30.47,"Plantago   ovata"
35.28,30.88,"Plantago   ovata"
35.34,31.87,"Plantago   ovata"
-2.84,34.93,"Plantago   ovata"
-114.613333,32.811667,"Plantago   ovata"
-121.486111,37.656389,"Plantago   ovata"
46.25,33.283333,"Plantago   ovata"
-119.65085,35.1496,"Plantago   ovata"
-0.311109464330323,38.4988146648462,"Plantago   ovata"
-1.01111628680775,38.0687997158106,"Plantago   ovata"
-3,36.77,"Plantago   ovata"
34.78,30.87,"Plantago   ovata"
34.4,30.92,"Plantago   ovata"
35.39,31.96,"Plantago   ovata"
35.55,32.23,"Plantago   ovata"
34.85,30.87,"Plantago   ovata"
35.26,31.21,"Plantago   ovata"
34.61,30.52,"Plantago   ovata"
34.71,31.01,"Plantago   ovata"
35.17,30.48,"Plantago   ovata"
35.39,31.74,"Plantago   ovata"
-0.661110732351327,38.1488046699334,"Plantago   ovata"
-16.3812359585712,28.3285288544719,"Plantago   ovata"
-1.78,37.360001,"Plantago   ovata"
-119.6698,35.2286,"Plantago   ovata"
-13.7212051282327,28.9685582191689,"Plantago   ovata"
34.42,30.91,"Plantago   ovata"
34.97,31.15,"Plantago   ovata"
34.92,29.8,"Plantago   ovata"
35.07,30.61,"Plantago   ovata"
35.18,30.65,"Plantago   ovata"
-16.58123553375,28.0585254079264,"Plantago   ovata"
-116.304956,35.94666,"Plantago   ovata"
-0.71,38.1,"Plantago   ovata"
-4.57,35.07,"Plantago   ovata"
34.81,31.24,"Plantago   ovata"
34.92,30.02,"Plantago   ovata"
35.06,29.93,"Plantago   ovata"
-114.5606,33.0288,"Plantago   ovata"
-1.98,37.31,"Plantago   ovata"
-13.79120641757,28.9885576971604,"Plantago   ovata"
48.25,32.666667,"Plantago   ovata"
-2.94113207942313,36.7287569863405,"Plantago   ovata"
-0.541111258818848,38.3288091958868,"Plantago   ovata"
-16.3812370463614,28.4185293930782,"Plantago   ovata"
34.61,30.56,"Plantago   ovata"
34.92,30.97,"Plantago   ovata"
34.92,29.57,"Plantago   ovata"
35.13,31.06,"Plantago   ovata"
35.28,31.19,"Plantago   ovata"
35.28,30.83,"Plantago   ovata"
35.18,31.1,"Plantago   ovata"
-114.615598,34.847269,"Plantago   ovata"
-2.94,36.91,"Plantago   ovata"
34.81,31.1,"Plantago   ovata"
34.97,29.58,"Plantago   ovata"
35.34,31.19,"Plantago   ovata"
35.5,31.78,"Plantago   ovata"
-121.48611,37.65639,"Plantago   ovata"
-6.2,36.56,"Plantago   ovata"
-17.1212433120814,28.0785204419487,"Plantago   ovata"
-17.8112599780352,28.6685172928167,"Plantago   ovata"
-5.59555,36.300123,"Plantago   ovata"
-2.333,36.86,"Plantago   ovata"
-2.356098,37.072272,"Plantago   ovata"
35.03,30.94,"Plantago   ovata"
34.69,30.98,"Plantago   ovata"
35.13,30.34,"Plantago   ovata"
35.28,30.79,"Plantago   ovata"
-16.4812384563492,28.4185284465112,"Plantago   ovata"
-17.3212463217661,28.0985186691042,"Plantago   ovata"
-13.5112030932768,29.0585608580435,"Plantago   ovata"
-0.671106645079065,37.87879963585,"Plantago   ovata"
-17.3212468014298,28.1385188905231,"Plantago   ovata"
34.61,30.93,"Plantago   ovata"
35.44,31.67,"Plantago   ovata"
34.76,31.28,"Plantago   ovata"
34.92,31.19,"Plantago   ovata"
34.76,29.98,"Plantago   ovata"
34.92,29.52,"Plantago   ovata"
35.02,29.89,"Plantago   ovata"
35.39,31.06,"Plantago   ovata"
34.87,30.56,"Plantago   ovata"
35.44,32.41,"Plantago   ovata"
-115.07889,33.91167,"Plantago   ovata"
34.55,30.43,"Plantago   ovata"
34.81,31.33,"Plantago   ovata"
35.34,31.15,"Plantago   ovata"
-2.09,37.13,"Plantago   ovata"
-3.107048,34.30621,"Plantago   ovata"
-2.94118895384273,40.1588201626943,"Plantago   ovata"
-3.11115137649044,37.7487728024057,"Plantago   ovata"
-0.36,38.45,"Plantago   ovata"
34.92,31.1,"Plantago   ovata"
-3.0243,34.3723,"Plantago   ovata"
35.13,30.97,"Plantago   ovata"
35.5,32.05,"Plantago   ovata"
35.54,32.37,"Plantago   ovata"
-13.8212011466087,28.5185541787729,"Plantago   ovata"
-2.29,35.11,"Plantago   ovata"
34.77,30.77,"Plantago   ovata"
34.49,31.46,"Plantago   ovata"
34.97,31.06,"Plantago   ovata"
35.23,30.92,"Plantago   ovata"
35.34,31.51,"Plantago   ovata"
35.34,31.06,"Plantago   ovata"
-17.291246386619,28.1385191734181,"Plantago   ovata"
-10.03,29.13,"Plantago   ovata"
-116.5385,33.7744,"Plantago   ovata"
35.25,31.22,"Plantago   ovata"
34.86,31.28,"Plantago   ovata"
35.34,31.28,"Plantago   ovata"
35.02,29.93,"Plantago   ovata"
35.18,30.79,"Plantago   ovata"
35.5,31.92,"Plantago   ovata"
-1.89136595965297,49.2790574315581,"Plantago   ovata"
34.66,30.29,"Plantago   ovata"
34.55,31.19,"Plantago   ovata"
34.97,30.43,"Plantago   ovata"
35.08,30.02,"Plantago   ovata"
-115.091389,34.245,"Plantago   ovata"
-1.17,37.93,"Plantago   ovata"
-0.981115862381299,38.0788001980029,"Plantago   ovata"
-116.175695,36.126249,"Plantago   ovata"
34.76,30.86,"Plantago   ovata"
34.71,31.06,"Plantago   ovata"
34.76,30.79,"Plantago   ovata"
34.76,30.97,"Plantago   ovata"
35.28,30.92,"Plantago   ovata"
-2.28112507546343,37.0787695043344,"Plantago   ovata"
34.66,30.97,"Plantago   ovata"
34.81,30.88,"Plantago   ovata"
34.76,31.42,"Plantago   ovata"
34.86,31.19,"Plantago   ovata"
34.92,29.62,"Plantago   ovata"
34.97,30.97,"Plantago   ovata"
35.02,30.83,"Plantago   ovata"
35.63,32.71,"Plantago   ovata"
-15.3612172313029,27.9785363795621,"Plantago   ovata"
34.78,30.7,"Plantago   ovata"
34.86,30.93,"Plantago   ovata"
35.02,30.97,"Plantago   ovata"
34.71,30.16,"Plantago   ovata"
35.02,30.92,"Plantago   ovata"
34.87,29.66,"Plantago   ovata"
-116.642,33.9298,"Plantago   ovata"
36.810483,31.836117,"Plantago   ovata"
-1.53,37.400002,"Plantago   ovata"
-3.728296,34.251958,"Plantago   ovata"
34.5,31.24,"Plantago   ovata"
34.39,30.97,"Plantago   ovata"
34.44,31.37,"Plantago   ovata"
34.55,30.61,"Plantago   ovata"
34.92,30.38,"Plantago   ovata"
34.76,30.02,"Plantago   ovata"
34.97,29.75,"Plantago   ovata"
34.97,29.89,"Plantago   ovata"
35.02,29.8,"Plantago   ovata"
-121.478278,37.652708,"Plantago   ovata"
50.316667,29.25,"Plantago   ovata"
-3.07113777408865,36.9387592058804,"Plantago   ovata"
35.7,31.166667,"Plantago   ovata"
-15.5612222485166,28.1585355649115,"Plantago   ovata"
-16.4812362841479,28.2385273810113,"Plantago   ovata"
-3.1,37.509998,"Plantago   ovata"
-1.98,37.13,"Plantago   ovata"
35.56225,30.56225,"Plantago   ovata"
-16.6812369364776,28.0585244684002,"Plantago   ovata"
35.33,31.38,"Plantago   ovata"
34.65,31.33,"Plantago   ovata"
34.81,31.42,"Plantago   ovata"
35.34,31.69,"Plantago   ovata"
35.39,32.14,"Plantago   ovata"
35.39,31.64,"Plantago   ovata"
-13.8212064962963,28.9585571994953,"Plantago   ovata"
-117.027323,34.930686,"Plantago   ovata"
35.45,31.72,"Plantago   ovata"
35.36,31.72,"Plantago   ovata"
34.5,31.28,"Plantago   ovata"
35.07,30.92,"Plantago   ovata"
35.23,30.83,"Plantago   ovata"
-13.8112068384038,28.9985575784635,"Plantago   ovata"
-14.0312031797355,28.4285516130291,"Plantago   ovata"
-116.305,35.946667,"Plantago   ovata"
34.92,29.93,"Plantago   ovata"
34.76,31.33,"Plantago   ovata"
35.23,30.65,"Plantago   ovata"
35.55,32.19,"Plantago   ovata"
34.97,30.92,"Plantago   ovata"
34.81,30.61,"Plantago   ovata"
34.76,30.7,"Plantago   ovata"
34.81,30.7,"Plantago   ovata"
34.65,31.28,"Plantago   ovata"
35.02,31.1,"Plantago   ovata"
-0.59,38.37,"Plantago   ovata"
